NA,NA,NA,NA,NA,NA,NA,NA,NA,NA,NA,NA,NA,NA,NA,NA,NA,NA,NA,NA,NA,NA,NA,NA,NA,NA,NA,NA,NA,NA,NA,NA,NA,NA,NA,NA,NA,NA,NA,NA,NA,NA,NA,NA,NA,NA,NA,NA,NA,NA,NA,NA,NA,NA,NA,NA,NA,NA,NA,NA,NA,NA,NA,NA,NA,NA,NA,NA,NA,NA,NA,NA,NA,NA,NA,NA,NA,NA,NA,NA,NA,NA,NA,NA,NA,NA,NA,NA,NA,NA,NA,NA,NA,NA,NA,NA,NA,NA,NA,NA,
NA,NA,NA,NA,NA,NA,NA,NA,NA,NA,NA,NA,NA,NA,NA,NA,NA,NA,NA,NA,NA,NA,NA,NA,NA,NA,NA,NA,NA,NA,NA,NA,NA,NA,NA,NA,NA,NA,NA,NA,NA,NA,NA,NA,NA,NA,NA,NA,NA,NA,NA,NA,NA,NA,NA,NA,NA,NA,NA,NA,NA,NA,NA,NA,NA,NA,NA,NA,NA,NA,NA,NA,NA,NA,NA,NA,NA,NA,NA,NA,NA,NA,NA,NA,NA,NA,NA,NA,NA,NA,NA,NA,NA,NA,NA,NA,NA,NA,NA,NA,
NA,NA,NA,NA,NA,NA,NA,NA,NA,NA,NA,NA,NA,NA,NA,NA,NA,NA,NA,NA,NA,NA,NA,NA,NA,NA,NA,NA,NA,NA,NA,NA,NA,NA,NA,NA,NA,NA,NA,NA,NA,NA,NA,NA,NA,NA,NA,NA,NA,NA,NA,NA,NA,NA,NA,NA,NA,NA,NA,NA,NA,NA,NA,NA,NA,NA,NA,NA,NA,NA,NA,NA,NA,NA,NA,NA,NA,NA,NA,NA,NA,NA,NA,NA,NA,NA,NA,NA,NA,NA,NA,NA,NA,NA,NA,NA,NA,NA,NA,NA,
NA,NA,NA,NA,NA,NA,NA,NA,NA,NA,NA,NA,NA,NA,NA,NA,NA,NA,NA,NA,NA,NA,NA,NA,NA,NA,NA,NA,NA,NA,NA,NA,NA,NA,NA,NA,NA,NA,NA,NA,NA,NA,NA,NA,NA,NA,NA,NA,NA,NA,NA,NA,NA,NA,NA,NA,NA,NA,NA,NA,NA,NA,NA,NA,NA,NA,NA,NA,NA,NA,NA,NA,NA,NA,NA,NA,NA,NA,NA,NA,NA,NA,NA,NA,NA,NA,NA,NA,NA,NA,NA,NA,NA,NA,NA,NA,NA,NA,NA,NA,
NA,NA,NA,NA,NA,NA,NA,NA,NA,NA,NA,NA,NA,NA,NA,NA,NA,NA,NA,NA,NA,NA,NA,NA,NA,NA,NA,NA,NA,NA,NA,NA,NA,NA,NA,NA,NA,NA,NA,NA,NA,NA,NA,NA,NA,NA,NA,NA,NA,NA,NA,NA,NA,NA,NA,NA,NA,NA,NA,NA,NA,NA,NA,NA,NA,NA,NA,NA,NA,NA,NA,NA,NA,NA,NA,NA,NA,NA,NA,NA,NA,NA,NA,NA,NA,NA,NA,NA,NA,NA,NA,NA,NA,NA,NA,NA,NA,NA,NA,NA,
NA,NA,NA,NA,NA,NA,NA,NA,NA,NA,NA,NA,NA,NA,NA,NA,NA,NA,NA,NA,NA,NA,NA,NA,NA,NA,NA,NA,NA,NA,NA,NA,NA,NA,NA,NA,NA,NA,NA,NA,NA,NA,NA,NA,NA,NA,NA,NA,NA,NA,NA,NA,NA,NA,NA,NA,NA,NA,NA,NA,NA,NA,NA,NA,NA,NA,NA,NA,NA,NA,NA,NA,NA,NA,NA,NA,NA,NA,NA,NA,NA,NA,NA,NA,NA,NA,NA,NA,NA,NA,NA,NA,NA,NA,NA,NA,NA,NA,NA,NA,
NA,NA,NA,NA,NA,NA,NA,NA,NA,NA,NA,NA,NA,NA,NA,NA,NA,NA,NA,NA,NA,NA,NA,NA,NA,NA,NA,NA,NA,NA,NA,NA,NA,NA,NA,NA,NA,NA,NA,NA,NA,NA,NA,NA,NA,NA,NA,NA,NA,NA,NA,NA,NA,NA,NA,NA,NA,NA,NA,NA,NA,NA,NA,NA,NA,NA,NA,NA,NA,NA,NA,NA,NA,NA,NA,NA,NA,NA,NA,NA,NA,NA,NA,NA,NA,NA,NA,NA,NA,NA,NA,NA,NA,NA,NA,NA,NA,NA,NA,NA,
NA,NA,NA,NA,NA,NA,NA,NA,NA,NA,NA,NA,NA,NA,NA,NA,NA,NA,NA,NA,NA,NA,NA,NA,NA,NA,NA,NA,NA,NA,NA,NA,NA,NA,NA,NA,NA,NA,NA,NA,NA,NA,NA,NA,NA,NA,NA,NA,NA,NA,NA,NA,NA,NA,NA,NA,NA,NA,NA,NA,NA,NA,NA,NA,NA,NA,NA,NA,NA,NA,NA,NA,NA,NA,NA,NA,NA,NA,NA,NA,NA,NA,NA,NA,NA,NA,NA,NA,NA,NA,NA,NA,NA,NA,NA,NA,NA,NA,NA,NA,
NA,NA,NA,NA,NA,NA,NA,NA,NA,NA,NA,NA,NA,NA,NA,NA,NA,NA,NA,NA,NA,NA,NA,NA,NA,NA,NA,NA,NA,NA,NA,NA,NA,NA,NA,NA,NA,NA,NA,NA,NA,NA,NA,NA,NA,NA,NA,NA,NA,NA,NA,NA,NA,NA,NA,NA,NA,NA,NA,NA,NA,NA,NA,NA,NA,NA,NA,NA,NA,NA,NA,NA,NA,NA,NA,NA,NA,NA,NA,NA,NA,NA,NA,NA,NA,NA,NA,NA,NA,NA,NA,NA,NA,NA,NA,NA,NA,NA,NA,NA,
NA,NA,NA,NA,NA,NA,NA,NA,NA,NA,NA,NA,NA,NA,NA,NA,NA,NA,NA,NA,NA,NA,NA,NA,NA,NA,NA,NA,NA,NA,NA,NA,NA,NA,NA,NA,NA,NA,NA,NA,NA,NA,NA,NA,NA,NA,NA,NA,NA,NA,NA,NA,NA,NA,NA,NA,NA,NA,NA,NA,NA,NA,NA,NA,NA,NA,NA,NA,NA,NA,NA,NA,NA,NA,NA,NA,NA,NA,NA,NA,NA,NA,NA,NA,NA,NA,NA,NA,NA,NA,NA,NA,NA,NA,NA,NA,NA,NA,NA,NA,
NA,NA,NA,NA,NA,NA,NA,NA,NA,NA,NA,NA,NA,NA,NA,NA,NA,NA,NA,NA,NA,NA,NA,NA,NA,NA,NA,NA,NA,NA,NA,NA,NA,NA,NA,NA,NA,NA,NA,NA,NA,NA,NA,NA,NA,NA,NA,NA,NA,NA,NA,NA,NA,NA,NA,NA,NA,NA,NA,NA,NA,NA,NA,NA,NA,NA,NA,NA,NA,NA,NA,NA,NA,NA,NA,NA,NA,NA,NA,NA,NA,NA,NA,NA,NA,NA,NA,NA,NA,NA,NA,NA,NA,NA,NA,NA,NA,NA,NA,NA,
NA,NA,NA,NA,NA,NA,NA,NA,NA,NA,NA,NA,NA,NA,NA,NA,NA,NA,NA,NA,NA,NA,NA,NA,NA,NA,NA,NA,NA,NA,NA,NA,NA,NA,NA,NA,NA,NA,NA,NA,NA,NA,NA,NA,NA,NA,NA,NA,NA,NA,NA,NA,NA,NA,NA,NA,NA,NA,NA,NA,NA,NA,NA,NA,NA,NA,NA,NA,NA,NA,NA,NA,NA,NA,NA,NA,NA,NA,NA,NA,NA,NA,NA,NA,NA,NA,NA,NA,NA,NA,NA,NA,NA,NA,NA,NA,NA,NA,NA,NA,
NA,NA,NA,NA,NA,NA,NA,NA,NA,NA,NA,NA,NA,NA,NA,NA,NA,NA,NA,NA,NA,NA,NA,NA,NA,NA,NA,NA,NA,NA,NA,NA,NA,NA,NA,NA,NA,NA,NA,NA,NA,NA,NA,NA,NA,NA,NA,NA,NA,NA,NA,NA,NA,NA,NA,NA,NA,NA,NA,NA,NA,NA,NA,NA,NA,NA,NA,NA,NA,NA,NA,NA,NA,NA,NA,NA,NA,NA,NA,NA,NA,NA,NA,NA,NA,NA,NA,NA,NA,NA,NA,NA,NA,NA,NA,NA,NA,NA,NA,NA,
NA,NA,NA,NA,NA,NA,NA,NA,NA,NA,NA,NA,NA,NA,NA,NA,NA,NA,NA,NA,NA,NA,NA,NA,NA,NA,NA,NA,NA,NA,NA,NA,NA,NA,NA,NA,NA,NA,NA,NA,NA,NA,NA,NA,NA,NA,NA,NA,NA,NA,NA,NA,NA,NA,NA,NA,NA,NA,NA,NA,NA,NA,NA,NA,NA,NA,NA,NA,NA,NA,NA,NA,NA,NA,NA,NA,NA,NA,NA,NA,NA,NA,NA,NA,NA,NA,NA,NA,NA,NA,NA,NA,NA,NA,NA,NA,NA,NA,NA,NA,
NA,NA,NA,NA,NA,NA,NA,NA,NA,NA,NA,NA,NA,NA,NA,NA,NA,NA,NA,NA,NA,NA,NA,NA,NA,NA,NA,NA,NA,NA,NA,NA,NA,NA,NA,NA,NA,NA,NA,NA,NA,NA,NA,NA,NA,NA,NA,NA,NA,NA,NA,NA,NA,NA,NA,NA,NA,NA,NA,NA,NA,NA,NA,NA,NA,NA,NA,NA,NA,NA,NA,NA,NA,NA,NA,NA,NA,NA,NA,NA,NA,NA,NA,NA,NA,NA,NA,NA,NA,NA,NA,NA,NA,NA,NA,NA,NA,NA,NA,NA,
NA,NA,NA,NA,NA,NA,NA,NA,NA,NA,NA,NA,NA,NA,NA,NA,NA,NA,NA,NA,NA,NA,NA,NA,NA,NA,NA,NA,NA,NA,NA,NA,NA,NA,NA,NA,NA,NA,NA,NA,NA,NA,NA,NA,NA,NA,NA,NA,NA,NA,NA,NA,NA,NA,NA,NA,NA,NA,NA,NA,NA,NA,NA,NA,NA,NA,NA,NA,NA,NA,NA,NA,NA,NA,NA,NA,NA,NA,NA,NA,NA,NA,NA,NA,NA,NA,NA,NA,NA,NA,NA,NA,NA,NA,NA,NA,NA,NA,NA,NA,
NA,NA,NA,NA,NA,NA,NA,NA,NA,NA,NA,NA,NA,NA,NA,NA,NA,NA,NA,NA,NA,NA,NA,NA,NA,NA,NA,NA,NA,NA,NA,NA,NA,NA,NA,NA,NA,NA,NA,NA,NA,NA,NA,NA,NA,NA,NA,NA,NA,NA,NA,NA,NA,NA,NA,NA,NA,NA,NA,NA,NA,NA,NA,NA,NA,NA,NA,NA,NA,NA,NA,NA,NA,NA,NA,NA,NA,NA,NA,NA,NA,NA,NA,NA,NA,NA,NA,NA,NA,NA,NA,NA,NA,NA,NA,NA,NA,NA,NA,NA,
NA,NA,NA,NA,NA,NA,NA,NA,NA,NA,NA,NA,NA,NA,NA,NA,NA,NA,NA,NA,NA,NA,NA,NA,NA,NA,NA,NA,NA,NA,NA,NA,NA,NA,NA,NA,NA,NA,NA,NA,NA,NA,NA,NA,NA,NA,NA,NA,NA,NA,NA,NA,NA,NA,NA,NA,NA,NA,NA,NA,NA,NA,NA,NA,NA,NA,NA,NA,NA,NA,NA,NA,NA,NA,NA,NA,NA,NA,NA,NA,NA,NA,NA,NA,NA,NA,NA,NA,NA,NA,NA,NA,NA,NA,NA,NA,NA,NA,NA,NA,
NA,NA,NA,NA,NA,NA,NA,NA,NA,NA,NA,NA,NA,NA,NA,NA,NA,NA,NA,NA,NA,NA,NA,NA,NA,NA,NA,NA,NA,NA,NA,NA,NA,NA,NA,NA,NA,NA,NA,NA,NA,NA,NA,NA,NA,NA,NA,NA,NA,NA,NA,NA,NA,NA,NA,NA,NA,NA,NA,NA,NA,NA,NA,NA,NA,NA,NA,NA,NA,NA,NA,NA,NA,NA,NA,NA,NA,NA,NA,NA,NA,NA,NA,NA,NA,NA,NA,NA,NA,NA,NA,NA,NA,NA,NA,NA,NA,NA,NA,NA,
NA,NA,NA,NA,NA,NA,NA,NA,NA,NA,NA,NA,NA,NA,NA,NA,NA,NA,NA,NA,NA,NA,NA,NA,NA,NA,NA,NA,NA,NA,NA,NA,NA,NA,NA,NA,NA,NA,NA,NA,NA,NA,NA,NA,NA,NA,NA,NA,NA,NA,NA,NA,NA,NA,NA,NA,NA,NA,NA,NA,NA,NA,NA,NA,NA,NA,NA,NA,NA,NA,NA,NA,NA,NA,NA,NA,NA,NA,NA,NA,NA,NA,NA,NA,NA,NA,NA,NA,NA,NA,NA,NA,NA,NA,NA,NA,NA,NA,NA,NA,
NA,NA,NA,NA,NA,NA,NA,NA,NA,NA,NA,NA,NA,NA,NA,NA,NA,NA,NA,NA,NA,NA,NA,NA,NA,NA,NA,NA,NA,NA,NA,NA,NA,NA,NA,NA,NA,NA,NA,NA,NA,NA,NA,NA,NA,NA,NA,NA,NA,NA,NA,NA,NA,NA,NA,NA,NA,NA,NA,NA,NA,NA,NA,NA,NA,NA,NA,NA,NA,NA,NA,NA,NA,NA,NA,NA,NA,NA,NA,NA,NA,NA,NA,NA,NA,NA,NA,NA,NA,NA,NA,NA,NA,NA,NA,NA,NA,NA,NA,NA,
NA,NA,NA,NA,NA,NA,NA,NA,NA,NA,NA,NA,NA,NA,NA,NA,NA,NA,NA,NA,NA,NA,NA,NA,NA,NA,NA,NA,NA,NA,NA,NA,NA,NA,NA,NA,NA,NA,NA,NA,NA,NA,NA,NA,NA,NA,NA,NA,NA,NA,NA,NA,NA,NA,NA,NA,NA,NA,NA,NA,NA,NA,NA,NA,NA,NA,NA,NA,NA,NA,NA,NA,NA,NA,NA,NA,NA,NA,NA,NA,NA,NA,NA,NA,NA,NA,NA,NA,NA,NA,NA,NA,NA,NA,NA,NA,NA,NA,NA,NA,
NA,NA,NA,NA,NA,NA,NA,NA,NA,NA,NA,NA,NA,NA,NA,NA,NA,NA,NA,NA,NA,NA,NA,NA,NA,NA,NA,NA,NA,NA,NA,NA,NA,NA,NA,NA,NA,NA,NA,NA,NA,NA,NA,NA,NA,NA,NA,NA,NA,NA,NA,NA,NA,NA,NA,NA,NA,NA,NA,NA,NA,NA,NA,NA,NA,NA,NA,NA,NA,NA,NA,NA,NA,NA,NA,NA,NA,NA,NA,NA,NA,NA,NA,NA,NA,NA,NA,NA,NA,NA,NA,NA,NA,NA,NA,NA,NA,NA,NA,NA,
NA,NA,NA,NA,NA,NA,NA,NA,NA,NA,NA,NA,NA,NA,NA,NA,NA,NA,NA,NA,NA,NA,NA,NA,NA,NA,NA,NA,NA,NA,NA,NA,NA,NA,NA,NA,NA,NA,NA,NA,NA,NA,NA,NA,NA,NA,NA,NA,NA,NA,NA,NA,NA,NA,NA,NA,NA,NA,NA,NA,NA,NA,NA,NA,NA,NA,NA,NA,NA,NA,NA,NA,NA,NA,NA,NA,NA,NA,NA,NA,NA,NA,NA,NA,NA,NA,NA,NA,NA,NA,NA,NA,NA,NA,NA,NA,NA,NA,NA,NA,
NA,NA,NA,NA,NA,NA,NA,NA,NA,NA,NA,NA,NA,NA,NA,NA,NA,NA,NA,NA,NA,NA,NA,NA,NA,NA,NA,NA,NA,NA,NA,NA,NA,NA,NA,NA,NA,NA,NA,NA,NA,NA,NA,NA,NA,NA,NA,NA,NA,NA,NA,NA,NA,NA,NA,NA,NA,NA,NA,NA,NA,NA,NA,NA,NA,NA,NA,NA,NA,NA,NA,NA,NA,NA,NA,NA,NA,NA,NA,NA,NA,NA,NA,NA,NA,NA,NA,NA,NA,NA,NA,NA,NA,NA,NA,NA,NA,NA,NA,NA,
NA,NA,NA,NA,NA,NA,NA,NA,NA,NA,NA,NA,NA,NA,NA,NA,NA,NA,NA,NA,NA,NA,NA,NA,NA,NA,NA,NA,NA,NA,NA,NA,NA,NA,NA,NA,NA,NA,NA,NA,NA,NA,NA,NA,NA,NA,NA,NA,NA,NA,NA,NA,NA,NA,NA,NA,NA,NA,NA,NA,NA,NA,NA,NA,NA,NA,NA,NA,NA,NA,NA,NA,NA,NA,NA,NA,NA,NA,NA,NA,NA,NA,NA,NA,NA,NA,NA,NA,NA,NA,NA,NA,NA,NA,NA,NA,NA,NA,NA,NA,
NA,NA,NA,NA,NA,NA,NA,NA,NA,NA,NA,NA,NA,NA,NA,NA,NA,NA,NA,NA,NA,NA,NA,NA,NA,NA,NA,NA,NA,NA,NA,NA,NA,NA,NA,NA,NA,NA,NA,NA,NA,NA,NA,NA,NA,NA,NA,NA,NA,NA,NA,NA,NA,NA,NA,NA,NA,NA,NA,NA,NA,NA,NA,NA,NA,NA,NA,NA,NA,NA,NA,NA,NA,NA,NA,NA,NA,NA,NA,NA,NA,NA,NA,NA,NA,NA,NA,NA,NA,NA,NA,NA,NA,NA,NA,NA,NA,NA,NA,NA,
NA,NA,NA,NA,NA,NA,NA,NA,NA,NA,NA,NA,NA,NA,NA,NA,NA,NA,NA,NA,NA,NA,NA,NA,NA,NA,NA,NA,NA,NA,NA,NA,NA,NA,NA,NA,NA,NA,NA,NA,NA,NA,NA,NA,NA,NA,NA,NA,NA,NA,NA,NA,NA,NA,NA,NA,NA,NA,NA,NA,NA,NA,NA,NA,NA,NA,NA,NA,NA,NA,NA,NA,NA,NA,NA,NA,NA,NA,NA,NA,NA,NA,NA,NA,NA,NA,NA,NA,NA,NA,NA,NA,NA,NA,NA,NA,NA,NA,NA,NA,
NA,NA,NA,NA,NA,NA,NA,NA,NA,NA,NA,NA,NA,NA,NA,NA,NA,NA,NA,NA,NA,NA,NA,NA,NA,NA,NA,NA,NA,NA,NA,NA,NA,NA,NA,NA,NA,NA,NA,NA,NA,NA,NA,NA,NA,NA,NA,NA,NA,NA,NA,NA,NA,NA,NA,NA,NA,NA,NA,NA,NA,NA,NA,NA,NA,NA,NA,NA,NA,NA,NA,NA,NA,NA,NA,NA,NA,NA,NA,NA,NA,NA,NA,NA,NA,NA,NA,NA,NA,NA,NA,NA,NA,NA,NA,NA,NA,NA,NA,NA,
NA,NA,NA,NA,NA,NA,NA,NA,NA,NA,NA,NA,NA,NA,NA,NA,NA,NA,NA,NA,NA,NA,NA,NA,NA,NA,NA,NA,NA,NA,NA,NA,NA,NA,NA,NA,NA,NA,NA,NA,NA,NA,NA,NA,NA,NA,NA,NA,NA,NA,NA,NA,NA,NA,NA,NA,NA,NA,NA,NA,NA,NA,NA,NA,NA,NA,NA,NA,NA,NA,NA,NA,NA,NA,NA,NA,NA,NA,NA,NA,NA,NA,NA,NA,NA,NA,NA,NA,NA,NA,NA,NA,NA,NA,NA,NA,NA,NA,NA,NA,
NA,NA,NA,NA,NA,NA,NA,NA,NA,NA,NA,NA,NA,NA,NA,NA,NA,NA,NA,NA,NA,NA,NA,NA,NA,NA,NA,NA,NA,NA,NA,NA,NA,NA,NA,NA,NA,NA,NA,NA,NA,NA,NA,NA,NA,NA,NA,NA,NA,NA,NA,NA,NA,NA,NA,NA,NA,NA,NA,NA,NA,NA,NA,NA,NA,NA,NA,NA,NA,NA,NA,NA,NA,NA,NA,NA,NA,NA,NA,NA,NA,NA,NA,NA,NA,NA,NA,NA,NA,NA,NA,NA,NA,NA,NA,NA,NA,NA,NA,NA,
NA,NA,NA,NA,NA,NA,NA,NA,NA,NA,NA,NA,NA,NA,NA,NA,NA,NA,NA,NA,NA,NA,NA,NA,NA,NA,NA,NA,NA,NA,NA,NA,NA,NA,NA,NA,NA,NA,NA,NA,NA,NA,NA,NA,NA,NA,NA,NA,NA,NA,NA,NA,NA,NA,NA,NA,NA,NA,NA,NA,NA,NA,NA,NA,NA,NA,NA,NA,NA,NA,NA,NA,NA,NA,NA,NA,NA,NA,NA,NA,NA,NA,NA,NA,NA,NA,NA,NA,NA,NA,NA,NA,NA,NA,NA,NA,NA,NA,NA,NA,
NA,NA,NA,NA,NA,NA,NA,NA,NA,NA,NA,NA,NA,NA,NA,NA,NA,NA,NA,NA,NA,NA,NA,NA,NA,NA,NA,NA,NA,NA,NA,NA,NA,NA,NA,NA,NA,NA,NA,NA,NA,NA,NA,NA,NA,NA,NA,NA,NA,NA,NA,NA,NA,NA,NA,NA,NA,NA,NA,NA,NA,NA,NA,NA,NA,NA,NA,NA,NA,NA,NA,NA,NA,NA, -3.00790E-03, -2.84788E-03,NA,NA,NA,NA,NA,NA,NA,NA,NA,NA,NA,NA,NA,NA,NA,NA,NA,NA,NA,NA,NA,NA,NA,NA,
NA,NA,NA,NA,NA,NA,NA,NA,NA,NA,NA,NA,NA,NA,NA,NA,NA,NA,NA,NA,NA,NA,NA,NA,NA,NA,NA,NA,NA,NA,NA,NA,NA,NA,NA,NA,NA,NA,NA,NA,NA,NA,NA,NA,NA,NA,NA,NA,NA,NA,NA,NA,NA,NA,NA,NA,NA,NA,NA,NA,NA,NA,NA,NA,NA,NA,NA,NA,NA,NA,NA,NA,NA,NA,NA, -2.64772E-03, -2.49978E-03, -2.36905E-03,NA,NA,NA,NA,NA,NA,NA,NA,NA,NA,NA,NA,NA,NA,NA,NA,NA,NA,NA,NA,NA,NA,
NA,NA,NA,NA,NA,NA,NA,NA,NA,NA,NA,NA,NA,NA,NA,NA,NA,NA,NA,NA,NA,NA,NA,NA,NA,NA,NA,NA,NA,NA,NA,NA,NA,NA,NA,NA,NA,NA,NA,NA,NA,NA,NA,NA,NA,NA,NA,NA,NA,NA,NA,NA,NA,NA,NA,NA,NA,NA,NA,NA,NA,NA,NA,NA,NA,NA,NA,NA,NA,NA,NA,NA,NA,NA,NA, -2.41493E-03, -2.26418E-03, -2.13293E-03, -2.02027E-03, -1.92508E-03,NA,NA,NA,NA,NA,NA,NA,NA,NA,NA,NA,NA,NA,NA,NA,NA,NA,NA,NA,NA,
NA,NA,NA,NA,NA,NA,NA,NA,NA,NA,NA,NA,NA,NA,NA,NA,NA,NA,NA,NA,NA,NA,NA,NA,NA,NA,NA,NA,NA,NA,NA,NA,NA,NA,NA,NA,NA,NA,NA,NA,NA,NA,NA,NA,NA,NA,NA,NA,NA,NA,NA,NA,NA,NA,NA,NA,NA,NA,NA,NA,NA,NA,NA,NA,NA,NA,NA,NA,NA,NA,NA,NA,NA,NA,NA, -2.14456E-03, -1.99198E-03, -1.86151E-03, -1.75194E-03, -1.66187E-03, -1.58973E-03, -1.53388E-03,NA,NA,NA,NA,NA,NA,NA,NA,NA,NA,NA,NA,NA,NA,NA,NA,NA,NA,
NA,NA,NA,NA,NA,NA,NA,NA,NA,NA,NA,NA,NA,NA,NA,NA,NA,NA,NA,NA,NA,NA,NA,NA,NA,NA,NA,NA,NA,NA,NA,NA,NA,NA,NA,NA,NA,NA,NA,NA,NA,NA,NA,NA,NA,NA,NA,NA,NA,NA,NA,NA,NA,NA,NA,NA,NA,NA,NA,NA,NA,NA,NA,NA,NA,NA,NA,NA,NA,NA,NA,NA,NA,NA,NA, -1.83081E-03, -1.67774E-03, -1.54975E-03, -1.44529E-03, -1.36256E-03, -1.29962E-03, -1.25445E-03, -1.22502E-03, -1.20931E-03,NA,NA,NA,NA,NA,NA,NA,NA,NA,NA,NA,NA,NA,NA,NA,NA,
NA,NA,NA,NA,NA,NA,NA,NA,NA,NA,NA,NA,NA,NA,NA,NA,NA,NA,NA,NA,NA,NA,NA,NA,NA,NA,NA,NA,NA,NA,NA,NA,NA,NA,NA,NA,NA,NA,NA,NA,NA,NA,NA,NA,NA,NA,NA,NA,NA,NA,NA,NA,NA,NA,NA,NA,NA,NA,NA,NA,NA,NA,NA,NA,NA,NA,NA,NA,NA,NA,NA,NA,NA,NA,NA,NA, -1.31512E-03, -1.19184E-03, -1.09504E-03, -1.02244E-03, -9.71642E-04, -9.40158E-04, -9.25529E-04, -9.25369E-04, -9.37413E-04,NA,NA,NA,NA,NA,NA,NA,NA,NA,NA,NA,NA,NA,NA,NA,
NA,NA,NA,NA,NA,NA,NA,NA,NA,NA,NA,NA,NA,NA,NA,NA,NA,NA,NA,NA,NA,NA,NA,NA,NA,NA,NA,NA,NA,NA,NA,NA,NA,NA,NA,NA,NA,NA,NA,NA,NA,NA,NA,NA,NA,NA,NA,NA,NA,NA,NA,NA,NA,NA,NA,NA,NA,NA,NA,NA,NA,NA,NA,NA,NA,NA,NA,NA,NA,NA,NA,NA,NA,NA,NA,NA, -8.96694E-04, -7.81027E-04, -6.95147E-04, -6.36189E-04, -6.01152E-04, -5.87009E-04, -5.90792E-04, -6.09666E-04, -6.40980E-04, -6.82303E-04, -7.31443E-04,NA,NA,NA,NA,NA,NA,NA,NA,NA,NA,NA,NA,NA,
NA,NA,NA,NA,NA,NA,NA,NA,NA,NA,NA,NA,NA,NA,NA,NA,NA,NA,NA,NA,NA,NA,NA,NA,NA,NA,NA,NA,NA,NA,NA,NA,NA,NA,NA,NA,NA,NA,NA,NA,NA,NA,NA,NA,NA,NA,NA,NA,NA,NA,NA,NA,NA,NA,NA,NA,NA,NA,NA,NA,NA,NA,NA,NA,NA,NA,NA,NA,NA,NA,NA,NA,NA,NA,NA,NA, -4.13779E-04, -3.09476E-04, -2.38666E-04, -1.97729E-04, -1.82940E-04, -1.90599E-04, -2.17137E-04, -2.59196E-04, -3.13685E-04, -3.77813E-04, -4.49106E-04, -5.25407E-04,NA,NA,NA,NA,NA,NA,NA,NA,NA,NA,NA,NA,
NA,NA,NA,NA,NA,NA,NA,NA,NA,NA,NA,NA,NA,NA,NA,NA,NA,NA,NA,NA,NA,NA,NA,NA,NA,NA,NA,NA,NA,NA,NA,NA,NA,NA,NA,NA,NA,NA,NA,NA,NA,NA,NA,NA,NA,NA,NA,NA,NA,NA,NA,NA,NA,NA,NA,NA,NA,NA,NA,NA,NA,NA,NA,NA,NA,NA,NA,NA,NA,NA,NA,NA,NA,NA,NA,NA,  1.43851E-04,  2.31925E-04,  2.82387E-04,  2.99809E-04,  2.88813E-04,  2.53914E-04,  1.99396E-04,  1.29220E-04,  4.69733E-05, -4.41621E-05, -1.41417E-04, -2.42422E-04, -3.45189E-04,NA,NA,NA,NA,NA,NA,NA,NA,NA,NA,NA,
NA,NA,NA,NA,NA,NA,NA,NA,NA,NA,NA,NA,NA,NA,NA,NA,NA,NA,NA,NA,NA,NA,NA,NA,NA,NA,NA,NA,NA,NA,NA,NA,NA,NA,NA,NA,NA,NA,NA,NA,NA,NA,NA,NA,NA,NA,NA,NA,NA,NA,NA,NA,NA,NA,NA,NA,NA,NA,NA,NA,NA,NA,NA,NA,NA,NA,NA,NA,NA,NA,NA,NA,NA,NA,NA,  6.74975E-04,  7.88238E-04,  8.53780E-04,  8.77177E-04,  8.64201E-04,  8.20583E-04,  7.51823E-04,  6.63044E-04,  5.58901E-04,  4.43531E-04,  3.20530E-04,  1.92966E-04,  6.34018E-05, -6.60587E-05, -1.93729E-04,NA,NA,NA,NA,NA,NA,NA,NA,NA,NA,
NA,NA,NA,NA,NA,NA,NA,NA,NA,NA,NA,NA,NA,NA,NA,NA,NA,NA,NA,NA,NA,NA,NA,NA,NA,NA,NA,NA,NA,NA,NA,NA,NA,NA,NA,NA,NA,NA,NA,NA,NA,NA,NA,NA,NA,NA,NA,NA,NA,NA,NA,NA,NA,NA,NA,NA,NA,NA,NA,NA,NA,NA,NA,NA,NA,NA,NA,NA,NA,NA,NA,NA,NA,NA,NA,  1.44451E-03,  1.53360E-03,  1.56844E-03,  1.55622E-03,  1.50421E-03,  1.41953E-03,  1.30885E-03,  1.17828E-03,  1.03325E-03,  8.78494E-04,  7.18036E-04,  5.55223E-04,  3.92782E-04,  2.32882E-04,  7.72036E-05, -7.29926E-05,NA,NA,NA,NA,NA,NA,NA,NA,NA,
NA,NA,NA,NA,NA,NA,NA,NA,NA,NA,NA,NA,NA,NA,NA,NA,NA,NA,NA,NA,NA,NA,NA,NA,NA,NA,NA,NA,NA,NA,NA,NA,NA,NA,NA,NA,NA,NA,NA,NA,NA,NA,NA,NA,NA,NA,NA,NA,NA,NA,NA,NA,NA,NA,NA,NA,NA,NA,NA,NA,NA,NA,NA,NA,NA,NA,NA,NA,NA,NA,NA,NA,NA,NA,NA,  2.34168E-03,  2.39677E-03,  2.39031E-03,  2.33154E-03,  2.22968E-03,  2.09351E-03,  1.93112E-03,  1.74973E-03,  1.55566E-03,  1.35424E-03,  1.14993E-03,  9.46291E-04,  7.46167E-04,  5.51719E-04,  3.64546E-04,  1.85770E-04,  1.61274E-05,NA,NA,NA,NA,NA,NA,NA,NA,
NA,NA,NA,NA,NA,NA,NA,NA,NA,NA,NA,NA,NA,NA,NA,NA,NA,NA,NA,NA,NA,NA,NA,NA,NA,NA,NA,NA,NA,NA,NA,NA,NA,NA,NA,NA,NA,NA,NA,NA,NA,NA,NA,NA,NA,NA,NA,NA,NA,NA,NA,NA,NA,NA,NA,NA,NA,NA,NA,NA,NA,NA,NA,NA,NA,NA,NA,NA,NA,NA,NA,NA,NA,NA,NA,  3.38962E-03,  3.39768E-03,  3.33610E-03,  3.21686E-03,  3.05157E-03,  2.85105E-03,  2.62505E-03,  2.38210E-03,  2.12939E-03,  1.87291E-03,  1.61745E-03,  1.36675E-03,  1.12365E-03,  8.90194E-04,  6.67796E-04,  4.57345E-04,  2.59310E-04,  7.38372E-05,NA,NA,NA,NA,NA,NA,NA,
NA,NA,NA,NA,NA,NA,NA,NA,NA,NA,NA,NA,NA,NA,NA,NA,NA,NA,NA,NA,NA,NA,NA,NA,NA,NA,NA,NA,NA,NA,NA,NA,NA,NA,NA,NA,NA,NA,NA,NA,NA,NA,NA,NA,NA,NA,NA,NA,NA,NA,NA,NA,NA,NA,NA,NA,NA,NA,NA,NA,NA,NA,NA,NA,NA,NA,NA,NA,NA,NA,NA,NA,NA,NA,  4.57881E-03,  4.61628E-03,  4.55994E-03,  4.42527E-03,  4.22773E-03,  3.98195E-03,  3.70124E-03,  3.39726E-03,  3.07993E-03,  2.75741E-03,  2.43622E-03,  2.12140E-03,  1.81672E-03,  1.52485E-03,  1.24761E-03,  9.86057E-04,  7.40722E-04,  5.11691E-04,  2.98734E-04,  1.01385E-04,NA,NA,NA,NA,NA,NA,
NA,NA,NA,NA,NA,NA,NA,NA,NA,NA,NA,NA,NA,NA,NA,NA,NA,NA,NA,NA,NA,NA,NA,NA,NA,NA,NA,NA,NA,NA,NA,NA,NA,NA,NA,NA,NA,NA,NA,NA,NA,NA,NA,NA,NA,NA,NA,NA,NA,NA,NA,NA,NA,NA,NA,NA,NA,NA,NA,NA,NA,NA,NA,NA,NA,NA,NA,NA,NA,NA,NA,NA,NA,NA,  6.09147E-03,  6.05547E-03,  5.91154E-03,  5.68028E-03,  5.38162E-03,  5.03396E-03,  4.65357E-03,  4.25427E-03,  3.84744E-03,  3.44212E-03,  3.04524E-03,  2.66189E-03,  2.29564E-03,  1.94881E-03,  1.62273E-03,  1.31795E-03,  1.03448E-03,  7.71862E-04,  5.29373E-04,  3.06082E-04,  1.00936E-04,NA,NA,NA,NA,NA,
NA,NA,NA,NA,NA,NA,NA,NA,NA,NA,NA,NA,NA,NA,NA,NA,NA,NA,NA,NA,NA,NA,NA,NA,NA,NA,NA,NA,NA,NA,NA,NA,NA,NA,NA,NA,NA,NA,NA,NA,NA,NA,NA,NA,NA,NA,NA,NA,NA,NA,NA,NA,NA,NA,NA,NA,NA,NA,NA,NA,NA,NA,NA,NA,NA,NA,NA,NA,NA,NA,NA,NA,NA,  7.87569E-03,  7.88727E-03,  7.74815E-03,  7.48557E-03,  7.12691E-03,  6.69791E-03,  6.22158E-03,  5.71762E-03,  5.20220E-03,  4.68811E-03,  4.18507E-03,  3.70014E-03,  3.23815E-03,  2.80216E-03,  2.39380E-03,  2.01367E-03,  1.66156E-03,  1.33672E-03,  1.03802E-03,  7.64075E-04,  5.13371E-04,  2.84334E-04,NA,NA,NA,NA,NA,
NA,NA,NA,NA,NA,NA,NA,NA,NA,NA,NA,NA,NA,NA,NA,NA,NA,NA,NA,NA,NA,NA,NA,NA,NA,NA,NA,NA,NA,NA,NA,NA,NA,NA,NA,NA,NA,NA,NA,NA,NA,NA,NA,NA,NA,NA,NA,NA,NA,NA,NA,NA,NA,NA,NA,NA,NA,NA,NA,NA,NA,NA,NA,NA,NA,NA,NA,NA,NA,NA,NA,NA,NA,NA,NA,  9.74399E-03,  9.32095E-03,  8.79447E-03,  8.19769E-03,  7.55920E-03,  6.90253E-03,  6.24622E-03,  5.60422E-03,  4.98653E-03,  4.39985E-03,  3.84828E-03,  3.33388E-03,  2.85722E-03,  2.41779E-03,  2.01431E-03,  1.64505E-03,  1.30794E-03,  1.00081E-03,  7.21431E-04,  4.67590E-04,  2.37167E-04,NA,NA,NA,NA,
NA,NA,NA,NA,NA,NA,NA,NA,NA,NA,NA,NA,NA,NA,NA,NA,NA,NA,NA,NA,NA,NA,NA,NA,NA,NA,NA,NA,NA,NA,NA,NA,NA,NA,NA,NA,NA,NA,NA,NA,NA,NA,NA,NA,NA,NA,NA,NA,NA,NA,NA,NA,NA,NA,NA,NA,NA,NA,NA,NA,NA,NA,NA,NA,NA,NA,NA,NA,NA,NA,NA,NA,NA,NA,NA,NA,NA,NA,  9.90327E-03,  9.06095E-03,  8.21628E-03,  7.38986E-03,  6.59624E-03,  5.84495E-03,  5.14162E-03,  4.48886E-03,  3.88715E-03,  3.33541E-03,  2.83157E-03,  2.37294E-03,  1.95646E-03,  1.57894E-03,  1.23721E-03,  9.28166E-04,  6.48867E-04,  3.96560E-04,  1.68694E-04,NA,NA,NA,
NA,NA,NA,NA,NA,NA,NA,NA,NA,NA,NA,NA,NA,NA,NA,NA,NA,NA,NA,NA,NA,NA,NA,NA,NA,NA,NA,NA,NA,NA,NA,NA,NA,NA,NA,NA,NA,NA,NA,NA,NA,NA,NA,NA,NA,NA,NA,NA,NA,NA,NA,NA,NA,NA,NA,NA,NA,NA,NA,NA,NA,NA,NA,NA,NA,NA,NA,NA,NA,NA,NA,NA,NA,NA,NA,NA,NA,NA,NA,  1.07394E-02,  9.66447E-03,  8.63399E-03,  7.66199E-03,  6.75638E-03,  5.92056E-03,  5.15470E-03,  4.45681E-03,  3.82349E-03,  3.25055E-03,  2.73340E-03,  2.26738E-03,  1.84789E-03,  1.47053E-03,  1.13121E-03,  8.26123E-04,  5.51811E-04,  3.05118E-04,NA,NA,NA,
NA,NA,NA,NA,NA,NA,NA,NA,NA,NA,NA,NA,NA,NA,NA,NA,NA,NA,NA,NA,NA,NA,NA,NA,NA,NA,NA,NA,NA,NA,NA,NA,NA,NA,NA,NA,NA,NA,NA,NA,NA,NA,NA,NA,NA,NA,NA,NA,NA,NA,NA,NA,NA,NA,NA,NA,NA,NA,NA,NA,NA,NA,NA,NA,NA,NA,NA,NA,NA,NA,NA,NA,NA,NA,NA,NA,NA,NA,NA,NA,  1.12488E-02,  9.97551E-03,  8.79565E-03,  7.71369E-03,  6.72916E-03,  5.83845E-03,  5.03599E-03,  4.31523E-03,  3.66918E-03,  3.09088E-03,  2.57364E-03,  2.11117E-03,  1.69770E-03,  1.32794E-03,  9.97138E-04,  7.01034E-04,  4.35822E-04,  1.98115E-04,NA,NA,
NA,NA,NA,NA,NA,NA,NA,NA,NA,NA,NA,NA,NA,NA,NA,NA,NA,NA,NA,NA,NA,NA,NA,NA,NA,NA,NA,NA,NA,NA,NA,NA,NA,NA,NA,NA,NA,NA,NA,NA,NA,NA,NA,NA,NA,NA,NA,NA,NA,NA,NA,NA,NA,NA,NA,NA,NA,NA,NA,NA,NA,NA,NA,NA,NA,NA,NA,NA,NA,NA,NA,NA,NA,NA,NA,NA,NA,NA,NA,NA,NA,  1.14057E-02,  9.98658E-03,  8.70575E-03,  7.55671E-03,  6.53026E-03,  5.61594E-03,  4.80298E-03,  4.08088E-03,  3.43974E-03,  2.87047E-03,  2.36481E-03,  1.91536E-03,  1.51554E-03,  1.15955E-03,  8.42258E-04,  5.59154E-04,  3.06285E-04,NA,NA,
NA,NA,NA,NA,NA,NA,NA,NA,NA,NA,NA,NA,NA,NA,NA,NA,NA,NA,NA,NA,NA,NA,NA,NA,NA,NA,NA,NA,NA,NA,NA,NA,NA,NA,NA,NA,NA,NA,NA,NA,NA,NA,NA,NA,NA,NA,NA,NA,NA,NA,NA,NA,NA,NA,NA,NA,NA,NA,NA,NA,NA,NA,NA,NA,NA,NA,NA,NA,NA,NA,NA,NA,NA,NA,NA,NA,NA,NA,NA,NA,NA,NA,  1.12180E-02,  9.71667E-03,  8.38885E-03,  7.21757E-03,  6.18587E-03,  5.27763E-03,  4.47803E-03,  3.77366E-03,  3.15262E-03,  2.60444E-03,  2.11992E-03,  1.69106E-03,  1.31092E-03,  9.73462E-04,  6.73442E-04,  4.06322E-04,  1.68163E-04,NA,
NA,NA,NA,NA,NA,NA,NA,NA,NA,NA,NA,NA,NA,NA,NA,NA,NA,NA,NA,NA,NA,NA,NA,NA,NA,NA,NA,NA,NA,NA,NA,NA,NA,NA,NA,NA,NA,NA,NA,NA,NA,NA,NA,NA,NA,NA,NA,NA,NA,NA,NA,NA,NA,NA,NA,NA,NA,NA,NA,NA,NA,NA,NA,NA,NA,NA,NA,NA,NA,NA,NA,NA,NA,NA,NA,NA,NA,NA,NA,NA,NA,NA,NA,  1.07250E-02,  9.20725E-03,  7.88500E-03,  6.73305E-03,  5.72874E-03,  4.85209E-03,  4.08568E-03,  3.41446E-03,  2.82549E-03,  2.30767E-03,  1.85148E-03,  1.44879E-03,  1.09264E-03,  7.77044E-04,  4.96882E-04,  2.47746E-04,NA,
NA,NA,NA,NA,NA,NA,NA,NA,NA,NA,NA,NA,NA,NA,NA,NA,NA,NA,NA,NA,NA,NA,NA,NA,NA,NA,NA,NA,NA,NA,NA,NA,NA,NA,NA,NA,NA,NA,NA,NA,NA,NA,NA,NA,NA,NA,NA,NA,NA,NA,NA,NA,NA,NA,NA,NA,NA,NA,NA,NA,NA,NA,NA,NA,NA,NA,NA,NA,NA,NA,NA,NA,NA,NA,NA,NA,NA,NA,NA,NA,NA,NA,NA,NA,  9.98957E-03,  8.51448E-03,  7.24299E-03,  6.14473E-03,  5.19385E-03,  4.36848E-03,  3.65015E-03,  3.02331E-03,  2.47488E-03,  1.99380E-03,  1.57076E-03,  1.19786E-03,  8.68401E-04,  5.76700E-04,  3.17902E-04,  8.78577E-05,
NA,NA,NA,NA,NA,NA,NA,NA,NA,NA,NA,NA,NA,NA,NA,NA,NA,NA,NA,NA,NA,NA,NA,NA,NA,NA,NA,NA,NA,NA,NA,NA,NA,NA,NA,NA,NA,NA,NA,NA,NA,NA,NA,NA,NA,NA,NA,NA,NA,NA,NA,NA,NA,NA,NA,NA,NA,NA,NA,NA,NA,NA,NA,NA,NA,NA,NA,NA,NA,NA,NA,NA,NA,NA,NA,NA,NA,NA,NA,NA,NA,NA,NA,NA,  1.07098E-02,  9.08570E-03,  7.69989E-03,  6.51332E-03,  5.49376E-03,  4.61460E-03,  3.85386E-03,  3.19334E-03,  2.61797E-03,  2.11521E-03,  1.67459E-03,  1.28734E-03,  9.46094E-04,  6.44640E-04,  3.77719E-04,  1.40866E-04,
NA,NA,NA,NA,NA,NA,NA,NA,NA,NA,NA,NA,NA,NA,NA,NA,NA,NA,NA,NA,NA,NA,NA,NA,NA,NA,NA,NA,NA,NA,NA,NA,NA,NA,NA,NA,NA,NA,NA,NA,NA,NA,NA,NA,NA,NA,NA,NA,NA,NA,NA,NA,NA,NA,NA,NA,NA,NA,NA,NA,NA,NA,NA,NA,NA,NA,NA,NA,NA,NA,NA,NA,NA,NA,NA,NA,NA,NA,NA,NA,NA,NA,NA,NA,NA,  9.57695E-03,  8.08734E-03,  6.82210E-03,  5.74239E-03,  4.81687E-03,  4.02009E-03,  3.33134E-03,  2.73368E-03,  2.21317E-03,  1.75831E-03,  1.35954E-03,  1.00891E-03,  6.99740E-04,  4.26435E-04,  1.84255E-04,
NA,NA,NA,NA,NA,NA,NA,NA,NA,NA,NA,NA,NA,NA,NA,NA,NA,NA,NA,NA,NA,NA,NA,NA,NA,NA,NA,NA,NA,NA,NA,NA,NA,NA,NA,NA,NA,NA,NA,NA,NA,NA,NA,NA,NA,NA,NA,NA,NA,NA,NA,NA,NA,NA,NA,NA,NA,NA,NA,NA,NA,NA,NA,NA,NA,NA,NA,NA,NA,NA,NA,NA,NA,NA,NA,NA,NA,NA,NA,NA,NA,NA,NA,NA,NA,  9.96643E-03,  8.38937E-03,  7.05927E-03,  5.93100E-03,  4.96876E-03,  4.14397E-03,  3.43365E-03,  2.81922E-03,  2.28557E-03,  1.82030E-03,  1.41322E-03,  1.05588E-03,  7.41261E-04,  4.63474E-04,  2.17574E-04,
NA,NA,NA,NA,NA,NA,NA,NA,NA,NA,NA,NA,NA,NA,NA,NA,NA,NA,NA,NA,NA,NA,NA,NA,NA,NA,NA,NA,NA,NA,NA,NA,NA,NA,NA,NA,NA,NA,NA,NA,NA,NA,NA,NA,NA,NA,NA,NA,NA,NA,NA,NA,NA,NA,NA,NA,NA,NA,NA,NA,NA,NA,NA,NA,NA,NA,NA,NA,NA,NA,NA,NA,NA,NA,NA,NA,NA,NA,NA,NA,NA,NA,NA,NA,NA,  1.02340E-02,  8.59162E-03,  7.21457E-03,  6.05219E-03,  5.06492E-03,  4.22158E-03,  3.49739E-03,  2.87249E-03,  2.33083E-03,  1.85940E-03,  1.44751E-03,  1.08637E-03,  7.68720E-04,  4.88475E-04,  2.40555E-04,
NA,NA,NA,NA,NA,NA,NA,NA,NA,NA,NA,NA,NA,NA,NA,NA,NA,NA,NA,NA,NA,NA,NA,NA,NA,NA,NA,NA,NA,NA,NA,NA,NA,NA,NA,NA,NA,NA,NA,NA,NA,NA,NA,NA,NA,NA,NA,NA,NA,NA,NA,NA,NA,NA,NA,NA,NA,NA,NA,NA,NA,NA,NA,NA,NA,NA,NA,NA,NA,NA,NA,NA,NA,NA,NA,NA,NA,NA,NA,NA,NA,NA,NA,NA,NA,NA,  8.68273E-03,  7.28019E-03,  6.10055E-03,  5.10158E-03,  4.25030E-03,  3.52073E-03,  2.89218E-03,  2.34807E-03,  1.87498E-03,  1.46198E-03,  1.10010E-03,  7.81929E-04,  5.01317E-04,  2.53123E-04,
NA,NA,NA,NA,NA,NA,NA,NA,NA,NA,NA,NA,NA,NA,NA,NA,NA,NA,NA,NA,NA,NA,NA,NA,NA,NA,NA,NA,NA,NA,NA,NA,NA,NA,NA,NA,NA,NA,NA,NA,NA,NA,NA,NA,NA,NA,NA,NA,NA,NA,NA,NA,NA,NA,NA,NA,NA,NA,NA,NA,NA,NA,NA,NA,NA,NA,NA,NA,NA,NA,NA,NA,NA,NA,NA,NA,NA,NA,NA,NA,NA,NA,NA,NA,NA,NA,  8.65568E-03,  7.25162E-03,  6.07323E-03,  5.07696E-03,  4.22905E-03,  3.50304E-03,  2.87799E-03,  2.33715E-03,  1.86705E-03,  1.45670E-03,  1.09716E-03,  7.81009E-04,  5.02134E-04,  2.55414E-04,
NA,NA,NA,NA,NA,NA,NA,NA,NA,NA,NA,NA,NA,NA,NA,NA,NA,NA,NA,NA,NA,NA,NA,NA,NA,NA,NA,NA,NA,NA,NA,NA,NA,NA,NA,NA,NA,NA,NA,NA,NA,NA,NA,NA,NA,NA,NA,NA,NA,NA,NA,NA,NA,NA,NA,NA,NA,NA,NA,NA,NA,NA,NA,NA,NA,NA,NA,NA,NA,NA,NA,NA,NA,NA,NA,NA,NA,NA,NA,NA,NA,NA,NA,NA,NA,NA,  8.50887E-03,  7.12842E-03,  5.97040E-03,  4.99155E-03,  4.15847E-03,  3.44502E-03,  2.83060E-03,  2.29874E-03,  1.83620E-03,  1.43223E-03,  1.07805E-03,  7.66409E-04,  4.91319E-04,  2.47774E-04,
NA,NA,NA,NA,NA,NA,NA,NA,NA,NA,NA,NA,NA,NA,NA,NA,NA,NA,NA,NA,NA,NA,NA,NA,NA,NA,NA,NA,NA,NA,NA,NA,NA,NA,NA,NA,NA,NA,NA,NA,NA,NA,NA,NA,NA,NA,NA,NA,NA,NA,NA,NA,NA,NA,NA,NA,NA,NA,NA,NA,NA,NA,NA,NA,NA,NA,NA,NA,NA,NA,NA,NA,NA,NA,NA,NA,NA,NA,NA,NA,NA,NA,NA,NA,NA,NA,  8.24676E-03,  6.91450E-03,  5.79545E-03,  4.84826E-03,  4.04101E-03,  3.34876E-03,  2.75178E-03,  2.23431E-03,  1.78369E-03,  1.38962E-03,  1.04367E-03,  7.38888E-04,  4.69520E-04,  2.30752E-04,
NA,NA,NA,NA,NA,NA,NA,NA,NA,NA,NA,NA,NA,NA,NA,NA,NA,NA,NA,NA,NA,NA,NA,NA,NA,NA,NA,NA,NA,NA,NA,NA,NA,NA,NA,NA,NA,NA,NA,NA,NA,NA,NA,NA,NA,NA,NA,NA,NA,NA,NA,NA,NA,NA,NA,NA,NA,NA,NA,NA,NA,NA,NA,NA,NA,NA,NA,NA,NA,NA,NA,NA,NA,NA,NA,NA,NA,NA,NA,NA,NA,NA,NA,NA,NA,NA,  7.87990E-03,  6.61815E-03,  5.55491E-03,  4.65229E-03,  3.88089E-03,  3.21765E-03,  2.64428E-03,  2.14613E-03,  1.71139E-03,  1.33041E-03,  9.95295E-04,  6.99509E-04,  4.37623E-04,  2.05092E-04,
NA,NA,NA,NA,NA,NA,NA,NA,NA,NA,NA,NA,NA,NA,NA,NA,NA,NA,NA,NA,NA,NA,NA,NA,NA,NA,NA,NA,NA,NA,NA,NA,NA,NA,NA,NA,NA,NA,NA,NA,NA,NA,NA,NA,NA,NA,NA,NA,NA,NA,NA,NA,NA,NA,NA,NA,NA,NA,NA,NA,NA,NA,NA,NA,NA,NA,NA,NA,NA,NA,NA,NA,NA,NA,NA,NA,NA,NA,NA,NA,NA,NA,NA,NA,NA,NA,  7.42425E-03,  6.25150E-03,  5.25815E-03,  4.41093E-03,  3.68381E-03,  3.05622E-03,  2.51174E-03,  2.03714E-03,  1.62167E-03,  1.25655E-03,  9.34528E-04,  6.49592E-04,  3.96723E-04,  1.71706E-04,
NA,NA,NA,NA,NA,NA,NA,NA,NA,NA,NA,NA,NA,NA,NA,NA,NA,NA,NA,NA,NA,NA,NA,NA,NA,NA,NA,NA,NA,NA,NA,NA,NA,NA,NA,NA,NA,NA,NA,NA,NA,NA,NA,NA,NA,NA,NA,NA,NA,NA,NA,NA,NA,NA,NA,NA,NA,NA,NA,NA,NA,NA,NA,NA,NA,NA,NA,NA,NA,NA,NA,NA,NA,NA,NA,NA,NA,NA,NA,NA,NA,NA,NA,NA,NA,NA,  6.89993E-03,  5.82967E-03,  4.91669E-03,  4.13309E-03,  3.45675E-03,  2.86998E-03,  2.35854E-03,  1.91083E-03,  1.51737E-03,  1.17034E-03,  8.63243E-04,  5.90677E-04,  3.48091E-04,  1.31647E-04,
NA,NA,NA,NA,NA,NA,NA,NA,NA,NA,NA,NA,NA,NA,NA,NA,NA,NA,NA,NA,NA,NA,NA,NA,NA,NA,NA,NA,NA,NA,NA,NA,NA,NA,NA,NA,NA,NA,NA,NA,NA,NA,NA,NA,NA,NA,NA,NA,NA,NA,NA,NA,NA,NA,NA,NA,NA,NA,NA,NA,NA,NA,NA,NA,NA,NA,NA,NA,NA,NA,NA,NA,NA,NA,NA,NA,NA,NA,NA,NA,NA,NA,NA,NA,NA,NA,  6.32949E-03,  5.36962E-03,  4.54346E-03,  3.82874E-03,  3.20747E-03,  2.66505E-03,  2.18953E-03,  1.77110E-03,  1.40161E-03,  1.07431E-03,  7.83515E-04,  5.24466E-04,  2.93129E-04,  8.60748E-05,
NA,NA,NA,NA,NA,NA,NA,NA,NA,NA,NA,NA,NA,NA,NA,NA,NA,NA,NA,NA,NA,NA,NA,NA,NA,NA,NA,NA,NA,NA,NA,NA,NA,NA,NA,NA,NA,NA,NA,NA,NA,NA,NA,NA,NA,NA,NA,NA,NA,NA,NA,NA,NA,NA,NA,NA,NA,NA,NA,NA,NA,NA,NA,NA,NA,NA,NA,NA,NA,NA,NA,NA,NA,NA,NA,NA,NA,NA,NA,NA,NA,NA,NA,NA,NA,  6.71373E-03,  5.73605E-03,  4.88889E-03,  4.15191E-03,  3.50830E-03,  2.94413E-03,  2.44786E-03,  2.00985E-03,  1.62205E-03,  1.27772E-03,  9.71159E-04,  6.97538E-04,  4.52759E-04,  2.33320E-04,  3.62161E-05,
NA,NA,NA,NA,NA,NA,NA,NA,NA,NA,NA,NA,NA,NA,NA,NA,NA,NA,NA,NA,NA,NA,NA,NA,NA,NA,NA,NA,NA,NA,NA,NA,NA,NA,NA,NA,NA,NA,NA,NA,NA,NA,NA,NA,NA,NA,NA,NA,NA,NA,NA,NA,NA,NA,NA,NA,NA,NA,NA,NA,NA,NA,NA,NA,NA,NA,NA,NA,NA,NA,NA,NA,NA,NA,NA,NA,NA,NA,NA,NA,NA,NA,NA,NA,NA,  5.98062E-03,  5.14156E-03,  4.40434E-03,  3.75514E-03,  3.18204E-03,  2.67485E-03,  2.22485E-03,  1.82463E-03,  1.46784E-03,  1.14905E-03,  8.63622E-04,  6.07549E-04,  3.77393E-04,  1.70178E-04, -1.66737E-05,
NA,NA,NA,NA,NA,NA,NA,NA,NA,NA,NA,NA,NA,NA,NA,NA,NA,NA,NA,NA,NA,NA,NA,NA,NA,NA,NA,NA,NA,NA,NA,NA,NA,NA,NA,NA,NA,NA,NA,NA,NA,NA,NA,NA,NA,NA,NA,NA,NA,NA,NA,NA,NA,NA,NA,NA,NA,NA,NA,NA,NA,NA,NA,NA,NA,NA,NA,NA,NA,NA,NA,NA,NA,NA,NA,NA,NA,NA,NA,NA,NA,NA,NA,NA,NA,  5.27628E-03,  4.56544E-03,  3.93125E-03,  3.36520E-03,  2.85953E-03,  2.40725E-03,  2.00217E-03,  1.63884E-03,  1.31248E-03,  1.01887E-03,  7.54368E-04,  5.15740E-04,  3.00176E-04,  1.05202E-04, -7.13511E-05,
NA,NA,NA,NA,NA,NA,NA,NA,NA,NA,NA,NA,NA,NA,NA,NA,NA,NA,NA,NA,NA,NA,NA,NA,NA,NA,NA,NA,NA,NA,NA,NA,NA,NA,NA,NA,NA,NA,NA,NA,NA,NA,NA,NA,NA,NA,NA,NA,NA,NA,NA,NA,NA,NA,NA,NA,NA,NA,NA,NA,NA,NA,NA,NA,NA,NA,NA,NA,NA,NA,NA,NA,NA,NA,NA,NA,NA,NA,NA,NA,NA,NA,NA,NA,  5.27693E-03,  4.62043E-03,  4.02368E-03,  3.48255E-03,  2.99257E-03,  2.54925E-03,  2.14821E-03,  1.78540E-03,  1.45703E-03,  1.15968E-03,  8.90239E-04,  6.45912E-04,  4.24190E-04,  2.22829E-04,  3.98228E-05, -1.26622E-04,
NA,NA,NA,NA,NA,NA,NA,NA,NA,NA,NA,NA,NA,NA,NA,NA,NA,NA,NA,NA,NA,NA,NA,NA,NA,NA,NA,NA,NA,NA,NA,NA,NA,NA,NA,NA,NA,NA,NA,NA,NA,NA,NA,NA,NA,NA,NA,NA,NA,NA,NA,NA,NA,NA,NA,NA,NA,NA,NA,NA,NA,NA,NA,NA,NA,NA,NA,NA,NA,NA,NA,NA,NA,NA,NA,NA,NA,NA,NA,NA,NA,NA,NA,NA,  4.56597E-03,  4.02735E-03,  3.52849E-03,  3.06852E-03,  2.64581E-03,  2.25828E-03,  1.90361E-03,  1.57938E-03,  1.28320E-03,  1.01277E-03,  7.65896E-04,  5.40536E-04,  3.34798E-04,  1.46938E-04, -2.46351E-05, -1.81376E-04,
NA,NA,NA,NA,NA,NA,NA,NA,NA,NA,NA,NA,NA,NA,NA,NA,NA,NA,NA,NA,NA,NA,NA,NA,NA,NA,NA,NA,NA,NA,NA,NA,NA,NA,NA,NA,NA,NA,NA,NA,NA,NA,NA,NA,NA,NA,NA,NA,NA,NA,NA,NA,NA,NA,NA,NA,NA,NA,NA,NA,NA,NA,NA,NA,NA,NA,NA,NA,NA,NA,NA,NA,NA,NA,NA,NA,NA,NA,NA,NA,NA,NA,NA,NA,  3.94928E-03,  3.50625E-03,  3.08836E-03,  2.69669E-03,  2.33145E-03,  1.99224E-03,  1.67817E-03,  1.38811E-03,  1.12072E-03,  8.74564E-04,  6.48211E-04,  4.40227E-04,  2.49231E-04,  7.39066E-05, -8.69884E-05, -2.34614E-04,
NA,NA,NA,NA,NA,NA,NA,NA,NA,NA,NA,NA,NA,NA,NA,NA,NA,NA,NA,NA,NA,NA,NA,NA,NA,NA,NA,NA,NA,NA,NA,NA,NA,NA,NA,NA,NA,NA,NA,NA,NA,NA,NA,NA,NA,NA,NA,NA,NA,NA,NA,NA,NA,NA,NA,NA,NA,NA,NA,NA,NA,NA,NA,NA,NA,NA,NA,NA,NA,NA,NA,NA,NA,NA,NA,NA,NA,NA,NA,NA,NA,NA,NA,NA,  3.43068E-03,  3.06201E-03,  2.70843E-03,  2.37200E-03,  2.05403E-03,  1.75515E-03,  1.47546E-03,  1.21468E-03,  9.72221E-04,  7.47329E-04,  5.39116E-04,  3.46630E-04,  1.68892E-04,  4.92563E-06, -1.46223E-04, -2.85471E-04,
NA,NA,NA,NA,NA,NA,NA,NA,NA,NA,NA,NA,NA,NA,NA,NA,NA,NA,NA,NA,NA,NA,NA,NA,NA,NA,NA,NA,NA,NA,NA,NA,NA,NA,NA,NA,NA,NA,NA,NA,NA,NA,NA,NA,NA,NA,NA,NA,NA,NA,NA,NA,NA,NA,NA,NA,NA,NA,NA,NA,NA,NA,NA,NA,NA,NA,NA,NA,NA,NA,NA,NA,NA,NA,NA,NA,NA,NA,NA,NA,NA,NA,NA,NA,  3.00987E-03,  2.69603E-03,  2.39095E-03,  2.09709E-03,  1.81624E-03,  1.54961E-03,  1.29786E-03,  1.06123E-03,  8.39635E-04,  6.32752E-04,  4.40085E-04,  2.61024E-04,  9.48871E-05, -5.90469E-05, -2.01511E-04, -3.33236E-04,
NA,NA,NA,NA,NA,NA,NA,NA,NA,NA,NA,NA,NA,NA,NA,NA,NA,NA,NA,NA,NA,NA,NA,NA,NA,NA,NA,NA,NA,NA,NA,NA,NA,NA,NA,NA,NA,NA,NA,NA,NA,NA,NA,NA,NA,NA,NA,NA,NA,NA,NA,NA,NA,NA,NA,NA,NA,NA,NA,NA,NA,NA,NA,NA,NA,NA,NA,NA,NA,NA,NA,NA,NA,NA,NA,NA,NA,NA,NA,NA,NA,NA,NA,NA,  2.68376E-03,  2.40708E-03,  2.13587E-03,  1.87259E-03,  1.61913E-03,  1.37686E-03,  1.14666E-03,  9.29039E-04,  7.24158E-04,  5.31941E-04,  3.52125E-04,  1.84315E-04,  2.80223E-05, -1.17298E-04, -2.52226E-04, -3.77354E-04,
NA,NA,NA,NA,NA,NA,NA,NA,NA,NA,NA,NA,NA,NA,NA,NA,NA,NA,NA,NA,NA,NA,NA,NA,NA,NA,NA,NA,NA,NA,NA,NA,NA,NA,NA,NA,NA,NA,NA,NA,NA,NA,NA,NA,NA,NA,NA,NA,NA,NA,NA,NA,NA,NA,NA,NA,NA,NA,NA,NA,NA,NA,NA,NA,NA,NA,NA,NA,NA,NA,NA,NA,NA,NA,NA,NA,NA,NA,NA,NA,NA,NA,NA,  2.70485E-03,  2.44727E-03,  2.19190E-03,  1.94126E-03,  1.69750E-03,  1.46230E-03,  1.23690E-03,  1.02215E-03,  8.18544E-04,  6.26310E-04,  4.45448E-04,  2.75788E-04,  1.17035E-04, -3.11992E-05, -1.69362E-04, -2.97940E-04, -4.17440E-04,
NA,NA,NA,NA,NA,NA,NA,NA,NA,NA,NA,NA,NA,NA,NA,NA,NA,NA,NA,NA,NA,NA,NA,NA,NA,NA,NA,NA,NA,NA,NA,NA,NA,NA,NA,NA,NA,NA,NA,NA,NA,NA,NA,NA,NA,NA,NA,NA,NA,NA,NA,NA,NA,NA,NA,NA,NA,NA,NA,NA,NA,NA,NA,NA,NA,NA,NA,NA,NA,NA,NA,NA,NA,NA,NA,NA,NA,NA,NA,NA,NA,NA,NA,  2.54644E-03,  2.29394E-03,  2.04571E-03,  1.80369E-03,  1.56944E-03,  1.34417E-03,  1.12874E-03,  9.23722E-04,  7.29438E-04,  5.45989E-04,  3.73310E-04,  2.11201E-04,  5.93666E-05, -8.25644E-05, -2.15011E-04, -3.38423E-04, -4.53268E-04,
NA,NA,NA,NA,NA,NA,NA,NA,NA,NA,NA,NA,NA,NA,NA,NA,NA,NA,NA,NA,NA,NA,NA,NA,NA,NA,NA,NA,NA,NA,NA,NA,NA,NA,NA,NA,NA,NA,NA,NA,NA,NA,NA,NA,NA,NA,NA,NA,NA,NA,NA,NA,NA,NA,NA,NA,NA,NA,NA,NA,NA,NA,NA,NA,NA,NA,NA,NA,NA,NA,NA,NA,NA,NA,NA,NA,NA,NA,NA,NA,NA,NA,NA,  2.47834E-03,  2.21610E-03,  1.96248E-03,  1.71850E-03,  1.48488E-03,  1.26210E-03,  1.05044E-03,  8.50004E-04,  6.60756E-04,  4.82538E-04,  3.15096E-04,  1.58101E-04,  1.11670E-05, -1.26131E-04, -2.54242E-04, -3.73632E-04, -4.84767E-04,
NA,NA,NA,NA,NA,NA,NA,NA,NA,NA,NA,NA,NA,NA,NA,NA,NA,NA,NA,NA,NA,NA,NA,NA,NA,NA,NA,NA,NA,NA,NA,NA,NA,NA,NA,NA,NA,NA,NA,NA,NA,NA,NA,NA,NA,NA,NA,NA,NA,NA,NA,NA,NA,NA,NA,NA,NA,NA,NA,NA,NA,NA,NA,NA,NA,NA,NA,NA,NA,NA,NA,NA,NA,NA,NA,NA,NA,NA,NA,NA,NA,NA,  2.79014E-03,  2.48998E-03,  2.20494E-03,  1.93505E-03,  1.67999E-03,  1.43935E-03,  1.21263E-03,  9.99348E-04,  7.98971E-04,  6.10974E-04,  4.34821E-04,  2.69971E-04,  1.15880E-04, -2.79966E-05, -1.62199E-04, -2.87258E-04, -4.03694E-04, -5.12013E-04,
NA,NA,NA,NA,NA,NA,NA,NA,NA,NA,NA,NA,NA,NA,NA,NA,NA,NA,NA,NA,NA,NA,NA,NA,NA,NA,NA,NA,NA,NA,NA,NA,NA,NA,NA,NA,NA,NA,NA,NA,NA,NA,NA,NA,NA,NA,NA,NA,NA,NA,NA,NA,NA,NA,NA,NA,NA,NA,NA,NA,NA,NA,NA,NA,NA,NA,NA,NA,NA,NA,NA,NA,NA,NA,NA,NA,NA,NA,NA,NA,NA,NA,  2.91399E-03,  2.56939E-03,  2.25053E-03,  1.95528E-03,  1.68159E-03,  1.42759E-03,  1.19161E-03,  9.72194E-04,  7.68068E-04,  5.78106E-04,  4.01305E-04,  2.36758E-04,  8.36403E-05, -5.88053E-05, -1.91281E-04, -3.14440E-04, -4.28891E-04, -5.35206E-04,
NA,NA,NA,NA,NA,NA,NA,NA,NA,NA,NA,NA,NA,NA,NA,NA,NA,NA,NA,NA,NA,NA,NA,NA,NA,NA,NA,NA,NA,NA,NA,NA,NA,NA,NA,NA,NA,NA,NA,NA,NA,NA,NA,NA,NA,NA,NA,NA,NA,NA,NA,NA,NA,NA,NA,NA,NA,NA,NA,NA,NA,NA,NA,NA,NA,NA,NA,NA,NA,NA,NA,NA,NA,NA,NA,NA,NA,NA,NA,NA,NA,  3.54708E-03,  3.10312E-03,  2.70318E-03,  2.34183E-03,  2.01420E-03,  1.71605E-03,  1.44377E-03,  1.19435E-03,  9.65247E-04,  7.54337E-04,  5.59815E-04,  3.80145E-04,  2.14006E-04,  6.02473E-05, -8.21436E-05, -2.14064E-04, -3.36318E-04, -4.49630E-04, -5.54659E-04,
NA,NA,NA,NA,NA,NA,NA,NA,NA,NA,NA,NA,NA,NA,NA,NA,NA,NA,NA,NA,NA,NA,NA,NA,NA,NA,NA,NA,NA,NA,NA,NA,NA,NA,NA,NA,NA,NA,NA,NA,NA,NA,NA,NA,NA,NA,NA,NA,NA,NA,NA,NA,NA,NA,NA,NA,NA,NA,NA,NA,NA,NA,NA,NA,NA,NA,NA,NA,NA,NA,NA,NA,NA,NA,NA,NA,NA,NA,NA,NA,NA,  3.86490E-03,  3.33932E-03,  2.87663E-03,  2.46698E-03,  2.10220E-03,  1.77559E-03,  1.48162E-03,  1.21581E-03,  9.74466E-04,  7.54536E-04,  5.53506E-04,  3.69274E-04,  2.00069E-04,  4.43899E-05, -9.90524E-05, -2.31373E-04, -3.53544E-04, -4.66425E-04, -5.70776E-04,
NA,NA,NA,NA,NA,NA,NA,NA,NA,NA,NA,NA,NA,NA,NA,NA,NA,NA,NA,NA,NA,NA,NA,NA,NA,NA,NA,NA,NA,NA,NA,NA,NA,NA,NA,NA,NA,NA,NA,NA,NA,NA,NA,NA,NA,NA,NA,NA,NA,NA,NA,NA,NA,NA,NA,NA,NA,NA,NA,NA,NA,NA,NA,NA,NA,NA,NA,NA,NA,NA,NA,NA,NA,NA,NA,NA,NA,NA,NA,NA,  4.92747E-03,  4.21451E-03,  3.60297E-03,  3.07423E-03,  2.61358E-03,  2.20935E-03,  1.85221E-03,  1.53470E-03,  1.25080E-03,  9.95645E-04,  7.65273E-04,  5.56444E-04,  3.66483E-04,  1.93169E-04,  3.46382E-05, -1.10681E-04, -2.44129E-04, -3.66859E-04, -4.79868E-04, -5.84029E-04,
NA,NA,NA,NA,NA,NA,NA,NA,NA,NA,NA,NA,NA,NA,NA,NA,NA,NA,NA,NA,NA,NA,NA,NA,NA,NA,NA,NA,NA,NA,NA,NA,NA,NA,NA,NA,NA,NA,NA,NA,NA,NA,NA,NA,NA,NA,NA,NA,NA,NA,NA,NA,NA,NA,NA,NA,NA,NA,NA,NA,NA,NA,NA,NA,NA,NA,NA,NA,NA,NA,NA,NA,NA,NA,NA,NA,NA,NA,NA,NA,  5.39312E-03,  4.56988E-03,  3.87405E-03,  3.28032E-03,  2.76925E-03,  2.32575E-03,  1.93798E-03,  1.59659E-03,  1.29411E-03,  1.02457E-03,  7.83124E-04,  5.65847E-04,  3.69514E-04,  1.91469E-04,  2.95012E-05, -1.18240E-04, -2.53316E-04, -3.77058E-04, -4.90605E-04, -5.94941E-04,
NA,NA,NA,NA,NA,NA,NA,NA,NA,NA,NA,NA,NA,NA,NA,NA,NA,NA,NA,NA,NA,NA,NA,NA,NA,NA,NA,NA,NA,NA,NA,NA,NA,NA,NA,NA,NA,NA,NA,NA,NA,NA,NA,NA,NA,NA,NA,NA,NA,NA,NA,NA,NA,NA,NA,NA,NA,NA,NA,NA,NA,NA,NA,NA,NA,NA,NA,NA,NA,NA,NA,NA,NA,NA,NA,NA,NA,NA,NA,NA,  5.82875E-03,  4.90597E-03,  4.13339E-03,  3.47997E-03,  2.92218E-03,  2.44197E-03,  2.02529E-03,  1.66113E-03,  1.34074E-03,  1.05716E-03,  8.04758E-04,  5.78989E-04,  3.76135E-04,  1.93142E-04,  2.74815E-05, -1.22955E-04, -2.59938E-04, -3.84963E-04, -4.99306E-04, -6.04060E-04,
NA,NA,NA,NA,NA,NA,NA,NA,NA,NA,NA,NA,NA,NA,NA,NA,NA,NA,NA,NA,NA,NA,NA,NA,NA,NA,NA,NA,NA,NA,NA,NA,NA,NA,NA,NA,NA,NA,NA,NA,NA,NA,NA,NA,NA,NA,NA,NA,NA,NA,NA,NA,NA,NA,NA,NA,NA,NA,NA,NA,NA,NA,NA,NA,NA,NA,NA,NA,NA,NA,NA,NA,NA,NA,NA,NA,NA,NA,NA,NA,  6.20525E-03,  5.20069E-03,  4.36392E-03,  3.65978E-03,  3.06173E-03,  2.54946E-03,  2.10723E-03,  1.72269E-03,  1.38608E-03,  1.08962E-03,  8.27049E-04,  5.93292E-04,  3.84216E-04,  1.96429E-04,  2.71256E-05, -1.26028E-04, -2.64986E-04, -3.91394E-04, -5.06650E-04, -6.11947E-04,
NA,NA,NA,NA,NA,NA,NA,NA,NA,NA,NA,NA,NA,NA,NA,NA,NA,NA,NA,NA,NA,NA,NA,NA,NA,NA,NA,NA,NA,NA,NA,NA,NA,NA,NA,NA,NA,NA,NA,NA,NA,NA,NA,NA,NA,NA,NA,NA,NA,NA,NA,NA,NA,NA,NA,NA,NA,NA,NA,NA,NA,NA,NA,NA,NA,NA,NA,NA,NA,NA,NA,NA,NA,NA,NA,NA,NA,NA,NA,NA,  6.50007E-03,  5.43648E-03,  4.55177E-03,  3.80866E-03,  3.17894E-03,  2.64094E-03,  2.17780E-03,  1.77633E-03,  1.42604E-03,  1.11856E-03,  8.47170E-04,  6.06401E-04,  3.91795E-04,  1.99694E-04,  2.70683E-05, -1.28597E-04, -2.69410E-04, -3.97142E-04, -5.13295E-04, -6.19147E-04,
NA,NA,NA,NA,NA,NA,NA,NA,NA,NA,NA,NA,NA,NA,NA,NA,NA,NA,NA,NA,NA,NA,NA,NA,NA,NA,NA,NA,NA,NA,NA,NA,NA,NA,NA,NA,NA,NA,NA,NA,NA,NA,NA,NA,NA,NA,NA,NA,NA,NA,NA,NA,NA,NA,NA,NA,NA,NA,NA,NA,NA,NA,NA,NA,NA,NA,NA,NA,NA,NA,NA,NA,NA,NA,NA,NA,NA,NA,NA,  8.02853E-03,  6.69866E-03,  5.60125E-03,  4.68689E-03,  3.91828E-03,  3.26687E-03,  2.71058E-03,  2.23215E-03,  1.81795E-03,  1.45716E-03,  1.14107E-03,  8.62672E-04,  6.16249E-04,  3.97128E-04,  2.01464E-04,  2.60693E-05, -1.31708E-04, -2.74089E-04, -4.02946E-04, -5.19862E-04,NA,
NA,NA,NA,NA,NA,NA,NA,NA,NA,NA,NA,NA,NA,NA,NA,NA,NA,NA,NA,NA,NA,NA,NA,NA,NA,NA,NA,NA,NA,NA,NA,NA,NA,NA,NA,NA,NA,NA,NA,NA,NA,NA,NA,NA,NA,NA,NA,NA,NA,NA,NA,NA,NA,NA,NA,NA,NA,NA,NA,NA,NA,NA,NA,NA,NA,NA,NA,NA,NA,NA,NA,NA,NA,NA,NA,NA,NA,NA,NA,  8.12774E-03,  6.79466E-03,  5.68865E-03,  4.76340E-03,  3.98331E-03,  3.32079E-03,  2.75424E-03,  2.26664E-03,  1.84442E-03,  1.47673E-03,  1.15481E-03,  8.71538E-04,  6.21103E-04,  3.98729E-04,  2.00468E-04,  2.30420E-05, -1.36286E-04, -2.79814E-04, -4.09480E-04, -5.26924E-04,NA,
NA,NA,NA,NA,NA,NA,NA,NA,NA,NA,NA,NA,NA,NA,NA,NA,NA,NA,NA,NA,NA,NA,NA,NA,NA,NA,NA,NA,NA,NA,NA,NA,NA,NA,NA,NA,NA,NA,NA,NA,NA,NA,NA,NA,NA,NA,NA,NA,NA,NA,NA,NA,NA,NA,NA,NA,NA,NA,NA,NA,NA,NA,NA,NA,NA,NA,NA,NA,NA,NA,NA,NA,NA,NA,NA,NA,NA,NA,  9.66782E-03,  8.09477E-03,  6.78910E-03,  5.69776E-03,  4.77933E-03,  4.00134E-03,  3.33816E-03,  2.76944E-03,  2.27893E-03,  1.85357E-03,  1.48280E-03,  1.15802E-03,  8.72209E-04,  6.19590E-04,  3.95394E-04,  1.95656E-04,  1.70735E-05, -1.43124E-04, -2.87268E-04, -4.17330E-04, -5.34985E-04,NA,
NA,NA,NA,NA,NA,NA,NA,NA,NA,NA,NA,NA,NA,NA,NA,NA,NA,NA,NA,NA,NA,NA,NA,NA,NA,NA,NA,NA,NA,NA,NA,NA,NA,NA,NA,NA,NA,NA,NA,NA,NA,NA,NA,NA,NA,NA,NA,NA,NA,NA,NA,NA,NA,NA,NA,NA,NA,NA,NA,NA,NA,NA,NA,NA,NA,NA,NA,NA,NA,NA,NA,NA,NA,NA,NA,NA,NA,NA,  9.43577E-03,  7.94217E-03,  6.68900E-03,  5.63215E-03,  4.73619E-03,  3.97261E-03,  3.31847E-03,  2.75524E-03,  2.26789E-03,  1.84419E-03,  1.47414E-03,  1.14953E-03,  8.63593E-04,  6.10707E-04,  3.86212E-04,  1.86211E-04,  7.43567E-06, -1.52865E-04, -2.97017E-04, -4.26994E-04,NA,NA,
NA,NA,NA,NA,NA,NA,NA,NA,NA,NA,NA,NA,NA,NA,NA,NA,NA,NA,NA,NA,NA,NA,NA,NA,NA,NA,NA,NA,NA,NA,NA,NA,NA,NA,NA,NA,NA,NA,NA,NA,NA,NA,NA,NA,NA,NA,NA,NA,NA,  1.95368E-04,  1.93897E-03,NA,NA,NA,NA,NA,NA,NA,NA,NA,NA,NA,NA,NA,NA,NA,NA,NA,NA,NA,NA,NA,NA,NA,NA,NA,NA,  1.07238E-02,  9.07957E-03,  7.68740E-03,  6.50551E-03,  5.49883E-03,  4.63820E-03,  3.89953E-03,  3.26295E-03,  2.71210E-03,  2.23347E-03,  1.81594E-03,  1.45025E-03,  1.12875E-03,  8.45045E-04,  5.93807E-04,  3.70562E-04,  1.71547E-04, -6.41199E-06, -1.66002E-04, -3.09506E-04,NA,NA,NA,
NA,NA,NA,NA,NA,NA,NA,NA,NA,NA,NA,NA,NA,NA,NA,NA,NA,NA,NA,NA,NA,NA,NA,NA,NA,NA,NA,NA,NA,NA,NA,NA,NA,NA,NA,NA,NA,NA,NA,NA,NA,NA,NA,NA,NA,NA,NA,NA, -1.44406E-03, -2.00560E-05,  1.54041E-03,NA,NA,NA,NA,NA,NA,NA,NA,NA,NA,NA,NA,NA,NA,NA,NA,NA,NA,NA,NA,NA,NA,NA,NA,NA,  1.18463E-02,  1.01155E-02,  8.62791E-03,  7.35027E-03,  6.25220E-03,  5.30698E-03,  4.49153E-03,  3.78615E-03,  3.17418E-03,  2.64159E-03,  2.17657E-03,  1.76922E-03,  1.41121E-03,  1.09555E-03,  8.16332E-04,  5.68584E-04,  3.48097E-04,  1.51304E-04, -2.48272E-05, -1.82879E-04, -3.25058E-04,NA,NA,NA,
NA,NA,NA,NA,NA,NA,NA,NA,NA,NA,NA,NA,NA,NA,NA,NA,NA,NA,NA,NA,NA,NA,NA,NA,NA,NA,NA,NA,NA,NA,NA,NA,NA,NA,NA,NA,NA,NA,NA,NA,NA,NA,NA,NA,NA,NA,NA, -2.66807E-03, -1.50298E-03, -2.20769E-04,  1.18079E-03,  2.70495E-03,NA,NA,NA,NA,NA,NA,NA,NA,NA,NA,NA,NA,NA,NA,NA,NA,NA,NA,NA,NA,NA,NA,NA,  1.26907E-02,  1.09578E-02,  9.43687E-03,  8.10827E-03,  6.95077E-03,  5.94349E-03,  5.06692E-03,  4.30347E-03,  3.63759E-03,  3.05571E-03,  2.54613E-03,  2.09879E-03,  1.70508E-03,  1.35766E-03,  1.05028E-03,  7.77585E-04,  5.35030E-04,  3.18720E-04,  1.25328E-04, -4.79958E-05, -2.03698E-04,NA,NA,NA,NA,
NA,NA,NA,NA,NA,NA,NA,NA,NA,NA,NA,NA,NA,NA,NA,NA,NA,NA,NA,NA,NA,NA,NA,NA,NA,NA,NA,NA,NA,NA,NA,NA,NA,NA,NA,NA,NA,NA,NA,NA,NA,NA,NA,NA,NA, -4.44052E-03, -3.58089E-03, -2.62464E-03, -1.56908E-03, -4.11991E-04,  8.48862E-04,  2.21644E-03,  3.69537E-03,NA,NA,NA,NA,NA,NA,NA,NA,NA,NA,NA,NA,NA,NA,NA,NA,NA,NA,NA,NA,NA,  1.31676E-02,  1.15247E-02,  1.00430E-02,  8.71957E-03,  7.54516E-03,  6.50761E-03,  5.59345E-03,  4.78914E-03,  4.08181E-03,  3.45957E-03,  2.91172E-03,  2.42873E-03,  2.00226E-03,  1.62500E-03,  1.29062E-03,  9.93610E-04,  7.29236E-04,  4.93396E-04,  2.82554E-04,  9.36521E-05, -7.59478E-05, -2.28529E-04,NA,NA,NA,NA,
NA,NA,NA,NA,NA,NA,NA,NA,NA,NA,NA,NA,NA,NA,NA,NA,NA,NA,NA,NA,NA,NA,NA,NA,NA,NA,NA, -8.61828E-03,NA,NA,NA,NA,NA,NA,NA,NA,NA,NA,NA,NA,NA,NA,NA, -5.59430E-03, -4.96551E-03, -4.25886E-03, -3.47109E-03, -2.59952E-03, -1.64198E-03, -5.96684E-04,  5.38091E-04,  1.76435E-03,  3.08478E-03,  4.50288E-03,  6.02262E-03,NA,NA,NA,NA,NA,NA,NA,NA,NA,NA,NA,NA,NA,NA,NA,NA,NA,NA,  1.32313E-02,  1.17611E-02,  1.03905E-02,  9.13189E-03,  7.98887E-03,  6.95928E-03,  6.03729E-03,  5.21504E-03,  4.48370E-03,  3.83425E-03,  3.25796E-03,  2.74662E-03,  2.29272E-03,  1.88948E-03,  1.53083E-03,  1.21142E-03,  9.26508E-04,  6.71961E-04,  4.44149E-04,  2.39906E-04,  5.64671E-05, -1.08577E-04,NA,NA,NA,NA,NA,
NA,NA,NA,NA,NA,NA,NA,NA,NA,NA,NA,NA,NA,NA,NA,NA,NA,NA,NA,NA,NA,NA,NA,NA,NA,NA,NA,NA, -8.35047E-03, -8.36064E-03, -8.35376E-03, -8.32748E-03,NA,NA,NA,NA,NA,NA,NA, -7.05891E-03, -6.71481E-03, -6.31647E-03, -5.86003E-03, -5.34180E-03, -4.75843E-03, -4.10692E-03, -3.38476E-03, -2.58989E-03, -1.72073E-03, -7.76063E-04,  2.45097E-04,  1.34362E-03,  2.52033E-03,  3.77584E-03,  5.10992E-03,  6.52031E-03,NA,NA,NA,NA,NA,NA,NA,NA,NA,NA,NA,NA,NA,NA,NA,  1.41306E-02,  1.28885E-02,  1.16501E-02,  1.04495E-02,  9.30986E-03,  8.24560E-03,  7.26401E-03,  6.36722E-03,  5.55370E-03,  4.81961E-03,  4.15970E-03,  3.56803E-03,  3.03843E-03,  2.56486E-03,  2.14153E-03,  1.76307E-03,  1.42458E-03,  1.12159E-03,  8.50121E-04,  6.06616E-04,  3.87916E-04,  1.91230E-04,  1.40949E-05,NA,NA,NA,NA,NA,NA,
NA,NA,NA,NA,NA,NA,NA,NA,NA,NA,NA,NA,NA,NA,NA,NA,NA,NA,NA,NA,NA,NA,NA,NA,NA,NA,NA,NA, -8.06142E-03, -8.06165E-03, -8.04533E-03, -8.01033E-03, -7.95429E-03, -7.87470E-03, -7.76884E-03, -7.63384E-03, -7.46665E-03, -7.26408E-03, -7.02288E-03, -6.73968E-03, -6.41117E-03, -6.03406E-03, -5.60520E-03, -5.12166E-03, -4.58077E-03, -3.98024E-03, -3.31817E-03, -2.59308E-03, -1.80396E-03, -9.50191E-04, -3.15643E-05,  9.51739E-04,  1.99903E-03,  3.10882E-03,  4.27822E-03,  5.50192E-03,  6.77079E-03,  8.07009E-03,  9.37767E-03,NA,NA,NA,NA,NA,NA,NA,NA,NA,NA,  1.39524E-02,  1.31191E-02,  1.21923E-02,  1.12144E-02,  1.02211E-02,  9.24108E-03,  8.29530E-03,  7.39828E-03,  6.55892E-03,  5.78176E-03,  5.06804E-03,  4.41670E-03,  3.82511E-03,  3.28967E-03,  2.80630E-03,  2.37069E-03,  1.97854E-03,  1.62572E-03,  1.30834E-03,  1.02277E-03,  7.65719E-04,  5.34178E-04,  3.25445E-04,  1.37094E-04,NA,NA,NA,NA,NA,NA,NA,
NA,NA,NA,NA,NA,NA,NA,NA,NA,NA,NA,NA,NA,NA,NA,NA,NA,NA,NA,NA,NA,NA,NA,NA,NA,NA,NA,NA,NA, -7.77920E-03, -7.75497E-03, -7.71285E-03, -7.65072E-03, -7.56635E-03, -7.45735E-03, -7.32120E-03, -7.15527E-03, -6.95683E-03, -6.72311E-03, -6.45130E-03, -6.13865E-03, -5.78245E-03, -5.38018E-03, -4.92950E-03, -4.42834E-03, -3.87497E-03, -3.26802E-03, -2.60655E-03, -1.89005E-03, -1.11848E-03, -2.92300E-04,  5.87449E-04,  1.51897E-03,  2.49940E-03,  3.52432E-03,  4.58696E-03,  5.67734E-03,  6.78115E-03,  7.87893E-03,  8.94553E-03,  9.95062E-03,  1.08601E-02,  1.16390E-02,  1.22549E-02,  1.26822E-02,  1.29052E-02,  1.29204E-02,  1.27367E-02,  1.23738E-02,  1.18596E-02,  1.12264E-02,  1.05077E-02,  9.73528E-03,  8.93726E-03,  8.13704E-03,  7.35297E-03,  6.59857E-03,  5.88312E-03,  5.21231E-03,  4.58905E-03,  4.01408E-03,  3.48663E-03,  3.00487E-03,  2.56630E-03,  2.16801E-03,  1.80694E-03,  1.48001E-03,  1.18419E-03,  9.16627E-04,  6.74624E-04,  4.55695E-04,  2.57558E-04,NA,NA,NA,NA,NA,NA,NA,NA,
NA,NA,NA,NA,NA,NA,NA,NA,NA,NA,NA,NA,NA,NA,NA,NA,NA,NA,NA,NA,NA,NA,NA,NA,NA,NA,NA,NA,NA,NA, -7.48180E-03, -7.43395E-03, -7.36716E-03, -7.27944E-03, -7.16868E-03, -7.03271E-03, -6.86923E-03, -6.67594E-03, -6.45047E-03, -6.19049E-03, -5.89372E-03, -5.55795E-03, -5.18117E-03, -4.76153E-03, -4.29746E-03, -3.78771E-03, -3.23138E-03, -2.62794E-03, -1.97737E-03, -1.28008E-03, -5.37073E-04,  2.49968E-04,  1.07852E-03,  1.94493E-03,  2.84402E-03,  3.76858E-03,  4.70877E-03,  5.65158E-03,  6.58035E-03,  7.47481E-03,  8.31157E-03,  9.06535E-03,  9.71086E-03,  1.02252E-02,  1.05905E-02,  1.07958E-02,  1.08382E-02,  1.07238E-02,  1.04660E-02,  1.00841E-02,  9.60123E-03,  9.04192E-03,  8.43017E-03,  7.78792E-03,  7.13417E-03,  6.48450E-03,  5.85102E-03,  5.24263E-03,  4.66544E-03,  4.12320E-03,  3.61782E-03,  3.14975E-03,  2.71843E-03,  2.32255E-03,  1.96032E-03,  1.62966E-03,  1.32835E-03,  1.05414E-03,  8.04790E-04,  5.78164E-04,  3.72237E-04,NA,NA,NA,NA,NA,NA,NA,NA,NA,
NA,NA,NA,NA,NA,NA,NA,NA,NA,NA,NA,NA,NA,NA,NA,NA,NA,NA,NA,NA,NA,NA,NA,NA,NA,NA,NA,NA,NA,NA,NA, -7.17254E-03, -7.10231E-03, -7.01245E-03, -6.90110E-03, -6.76637E-03, -6.60631E-03, -6.41892E-03, -6.20224E-03, -5.95430E-03, -5.67324E-03, -5.35728E-03, -5.00482E-03, -4.61442E-03, -4.18495E-03, -3.71553E-03, -3.20564E-03, -2.65514E-03, -2.06436E-03, -1.43410E-03, -7.65751E-04, -6.14147E-05,  6.75965E-04,  1.44236E-03,  2.23239E-03,  3.03894E-03,  3.85289E-03,  4.66273E-03,  5.45451E-03,  6.21191E-03,  6.91681E-03,  7.55019E-03,  8.09350E-03,  8.53023E-03,  8.84753E-03,  9.03753E-03,  9.09817E-03,  9.03337E-03,  8.85252E-03,  8.56935E-03,  8.20056E-03,  7.76430E-03,  7.27879E-03,  6.76118E-03,  6.22677E-03,  5.68860E-03,  5.15722E-03,  4.64083E-03,  4.14543E-03,  3.67515E-03,  3.23250E-03,  2.81878E-03,  2.43427E-03,  2.07854E-03,  1.75065E-03,  1.44930E-03,  1.17298E-03,  9.20038E-04,  6.88808E-04,  4.77622E-04,NA,NA,NA,NA,NA,NA,NA,NA,NA,NA,
NA,NA,NA,NA,NA,NA,NA,NA,NA,NA,NA,NA,NA,NA,NA,NA,NA,NA,NA,NA,NA,NA,NA,NA,NA,NA,NA,NA,NA,NA,NA,NA, -6.85494E-03, -6.76395E-03, -6.65297E-03, -6.52035E-03, -6.36443E-03, -6.18351E-03, -5.97594E-03, -5.74009E-03, -5.47443E-03, -5.17756E-03, -4.84819E-03, -4.48529E-03, -4.08801E-03, -3.65582E-03, -3.18852E-03, -2.68627E-03, -2.14966E-03, -1.57978E-03, -9.78295E-04, -3.47524E-04,  3.09394E-04,  9.88352E-04,  1.68407E-03,  2.38990E-03,  3.09760E-03,  3.79724E-03,  4.47720E-03,  5.12436E-03,  5.72458E-03,  6.26337E-03,  6.72689E-03,  7.10300E-03,  7.38230E-03,  7.55903E-03,  7.63160E-03,  7.60267E-03,  7.47890E-03,  7.27018E-03,  6.98876E-03,  6.64822E-03,  6.26246E-03,  5.84490E-03,  5.40786E-03,  4.96213E-03,  4.51677E-03,  4.07912E-03,  3.65480E-03,  3.24797E-03,  2.86146E-03,  2.49701E-03,  2.15551E-03,  1.83714E-03,  1.54158E-03,  1.26814E-03,  1.01584E-03,  7.83574E-04,  5.70117E-04,NA,NA,NA,NA,NA,NA,NA,NA,NA,NA,NA,
NA,NA,NA,NA,NA,NA,NA,NA,NA,NA,NA,NA,NA,NA,NA,NA,NA,NA,NA,NA,NA,NA,NA,NA,NA,NA,NA,NA,NA,NA,NA,NA,NA, -6.53257E-03, -6.42274E-03, -6.29293E-03, -6.14170E-03, -5.96763E-03, -5.76933E-03, -5.54547E-03, -5.29480E-03, -5.01621E-03, -4.70872E-03, -4.37157E-03, -4.00421E-03, -3.60636E-03, -3.17807E-03, -2.71973E-03, -2.23214E-03, -1.71657E-03, -1.17483E-03, -6.09358E-04, -2.32945E-05,  5.79357E-04,  1.19362E-03,  1.81343E-03,  2.43151E-03,  3.03939E-03,  3.62742E-03,  4.18504E-03,  4.70110E-03,  5.16447E-03,  5.56464E-03,  5.89253E-03,  6.14114E-03,  6.30616E-03,  6.38632E-03,  6.38348E-03,  6.30242E-03,  6.15037E-03,  5.93643E-03,  5.67085E-03,  5.36433E-03,  5.02740E-03,  4.66996E-03,  4.30091E-03,  3.92796E-03,  3.55751E-03,  3.19472E-03,  2.84357E-03,  2.50696E-03,  2.18689E-03,  1.88458E-03,  1.60066E-03,  1.33524E-03,  1.08808E-03,  8.58649E-04,  6.46244E-04,NA,NA,NA,NA,NA,NA,NA,NA,NA,NA,NA,NA,
NA,NA,NA,NA,NA,NA,NA,NA,NA,NA,NA,NA,NA,NA,NA,NA,NA,NA,NA,NA,NA,NA,NA,NA,NA,NA,NA,NA,NA,NA,NA,NA,NA,NA,NA, -6.08251E-03, -5.93638E-03, -5.76940E-03, -5.58040E-03, -5.36831E-03, -5.13213E-03, -4.87097E-03, -4.58413E-03, -4.27106E-03, -3.93144E-03, -3.56521E-03, -3.17260E-03, -2.75418E-03, -2.31088E-03, -1.84410E-03, -1.35569E-03, -8.48078E-04, -3.24332E-04,  2.11775E-04,  7.55667E-04,  1.30191E-03,  1.84417E-03,  2.37525E-03,  2.88716E-03,  3.37135E-03,  3.81899E-03,  4.22139E-03,  4.57050E-03,  4.85937E-03,  5.08273E-03,  5.23727E-03,  5.32198E-03,  5.33816E-03,  5.28928E-03,  5.18071E-03,  5.01928E-03,  4.81279E-03,  4.56954E-03,  4.29783E-03,  4.00563E-03,  3.70026E-03,  3.38821E-03,  3.07504E-03,  2.76537E-03,  2.46289E-03,  2.17043E-03,  1.89008E-03,  1.62326E-03,  1.37087E-03,  1.13332E-03,  9.10715E-04,  7.02857E-04,NA,NA,NA,NA,NA,NA,NA,NA,NA,NA,NA,NA,NA,
NA,NA,NA,NA,NA,NA,NA,NA,NA,NA,NA,NA,NA,NA,NA,NA,NA,NA,NA,NA,NA,NA,NA,NA,NA,NA,NA,NA,NA,NA,NA,NA,NA,NA,NA,NA, -5.74686E-03, -5.58708E-03, -5.40733E-03, -5.20671E-03, -4.98444E-03, -4.73986E-03, -4.47243E-03, -4.18182E-03, -3.86788E-03, -3.53072E-03, -3.17072E-03, -2.78854E-03, -2.38523E-03, -1.96221E-03, -1.52134E-03, -1.06498E-03, -5.96011E-04, -1.17944E-04,  3.65088E-04,  8.48278E-04,  1.32615E-03,  1.79261E-03,  2.24104E-03,  2.66449E-03,  3.05589E-03,  3.40841E-03,  3.71576E-03,  3.97259E-03,  4.17482E-03,  4.31991E-03,  4.40700E-03,  4.43702E-03,  4.41252E-03,  4.33751E-03,  4.21719E-03,  4.05755E-03,  3.86507E-03,  3.64632E-03,  3.40772E-03,  3.15530E-03,  2.89451E-03,  2.63013E-03,  2.36623E-03,  2.10616E-03,  1.85263E-03,  1.60767E-03,  1.37282E-03,  1.14911E-03,  9.37177E-04,  7.37346E-04,NA,NA,NA,NA,NA,NA,NA,NA,NA,NA,NA,NA,NA,NA,
NA,NA,NA,NA,NA,NA,NA,NA,NA,NA,NA,NA,NA,NA,NA,NA,NA,NA,NA,NA,NA,NA,NA,NA,NA,NA,NA,NA,NA,NA,NA,NA,NA,NA,NA,NA,NA, -5.41914E-03, -5.24847E-03, -5.05896E-03, -4.85000E-03, -4.62109E-03, -4.37188E-03, -4.10218E-03, -3.81198E-03, -3.50151E-03, -3.17126E-03, -2.82197E-03, -2.45472E-03, -2.07093E-03, -1.67242E-03, -1.26142E-03, -8.40624E-04, -4.13219E-04,  1.70919E-05,  4.46093E-04,  8.69068E-04,  1.28087E-03,  1.67599E-03,  2.04876E-03,  2.39348E-03,  2.70471E-03,  2.97749E-03,  3.20764E-03,  3.39195E-03,  3.52842E-03,  3.61635E-03,  3.65637E-03,  3.65038E-03,  3.60142E-03,  3.51346E-03,  3.39116E-03,  3.23959E-03,  3.06400E-03,  2.86957E-03,  2.66127E-03,  2.44364E-03,  2.22080E-03,  1.99629E-03,  1.77313E-03,  1.55380E-03,  1.34028E-03,  1.13409E-03,  9.36345E-04,NA,NA,NA,NA,NA,NA,NA,NA,NA,NA,NA,NA,NA,NA,NA,NA,
NA,NA,NA,NA,NA,NA,NA,NA,NA,NA,NA,NA,NA,NA,NA,NA,NA,NA,NA,NA,NA,NA,NA,NA,NA,NA,NA,NA,NA,NA,NA,NA,NA,NA,NA,NA,NA,NA,NA, -4.92353E-03, -4.72725E-03, -4.51313E-03, -4.28097E-03, -4.03068E-03, -3.76239E-03, -3.47641E-03, -3.17328E-03, -2.85379E-03, -2.51905E-03, -2.17042E-03, -1.80965E-03, -1.43882E-03, -1.06041E-03, -6.77283E-04, -2.92738E-04,  8.95475E-05,  4.65524E-04,  8.30835E-04,  1.18090E-03,  1.51105E-03,  1.81666E-03,  2.09336E-03,  2.33720E-03,  2.54484E-03,  2.71376E-03,  2.84234E-03,  2.92999E-03,  2.97714E-03,  2.98522E-03,  2.95654E-03,  2.89418E-03,  2.80176E-03,  2.68330E-03,  2.54300E-03,  2.38506E-03,  2.21357E-03,  2.03234E-03,  1.84486E-03,  1.65424E-03,  1.46313E-03,  1.27381E-03,  1.08812E-03,  9.07543E-04,NA,NA,NA,NA,NA,NA,NA,NA,NA,NA,NA,NA,NA,NA,NA,NA,NA,
NA,NA,NA,NA,NA,NA,NA,NA,NA,NA,NA,NA,NA,NA,NA,NA,NA,NA,NA,NA,NA,NA,NA,NA,NA,NA,NA,NA,NA,NA,NA,NA,NA,NA,NA,NA,NA,NA,NA,NA,NA, -4.41462E-03, -4.19837E-03, -3.96610E-03, -3.71800E-03, -3.45444E-03, -3.17602E-03, -2.88354E-03, -2.57808E-03, -2.26097E-03, -1.93382E-03, -1.59858E-03, -1.25750E-03, -9.13149E-04, -5.68430E-04, -2.26549E-04,  1.09020E-04,  4.34585E-04,  7.46320E-04,  1.04036E-03,  1.31293E-03,  1.56048E-03,  1.77982E-03,  1.96828E-03,  2.12382E-03,  2.24514E-03,  2.33171E-03,  2.38383E-03,  2.40258E-03,  2.38973E-03,  2.34768E-03,  2.27927E-03,  2.18770E-03,  2.07634E-03,  1.94862E-03,  1.80791E-03,  1.65740E-03,  1.50006E-03,  1.33857E-03,  1.17528E-03,  1.01223E-03,NA,NA,NA,NA,NA,NA,NA,NA,NA,NA,NA,NA,NA,NA,NA,NA,NA,NA,NA,
NA,NA,NA,NA,NA,NA,NA,NA,NA,NA,NA,NA,NA,NA,NA,NA,NA,NA,NA,NA,NA,NA,NA,NA,NA,NA,NA,NA,NA,NA,NA,NA,NA,NA,NA,NA,NA,NA,NA,NA,NA,NA,NA, -3.90735E-03, -3.67784E-03, -3.43481E-03, -3.17889E-03, -2.91087E-03, -2.63180E-03, -2.34293E-03, -2.04577E-03, -1.74209E-03, -1.43394E-03, -1.12360E-03, -8.13628E-04, -5.06812E-04, -2.06133E-04,  8.52768E-05,  3.64206E-04,  6.27443E-04,  8.71875E-04,  1.09460E-03,  1.29301E-03,  1.46495E-03,  1.60876E-03,  1.72335E-03,  1.80828E-03,  1.86375E-03,  1.89055E-03,  1.89006E-03,  1.86416E-03,  1.81509E-03,  1.74542E-03,  1.65787E-03,  1.55524E-03,  1.44031E-03,  1.31576E-03,  1.18412E-03,  1.04768E-03,NA,NA,NA,NA,NA,NA,NA,NA,NA,NA,NA,NA,NA,NA,NA,NA,NA,NA,NA,NA,NA,
NA,NA,NA,NA,NA,NA,NA,NA,NA,NA,NA,NA,NA,NA,NA,NA,NA,NA,NA,NA,NA,NA,NA,NA,NA,NA,NA,NA,NA,NA,NA,NA,NA,NA,NA,NA,NA,NA,NA,NA,NA,NA,NA,NA,NA, -3.41687E-03, -3.18143E-03, -2.93556E-03, -2.68027E-03, -2.41672E-03, -2.14632E-03, -1.87067E-03, -1.59161E-03, -1.31118E-03, -1.03161E-03, -7.55331E-04, -4.84903E-04, -2.22991E-04,  2.76990E-05,  2.64482E-04,  4.84776E-04,  6.86184E-04,  8.66574E-04,  1.02416E-03,  1.15759E-03,  1.26595E-03,  1.34885E-03,  1.40640E-03,  1.43923E-03,  1.44838E-03,  1.43534E-03,  1.40190E-03,  1.35012E-03,  1.28219E-03,  1.20043E-03,  1.10714E-03,  1.00456E-03,NA,NA,NA,NA,NA,NA,NA,NA,NA,NA,NA,NA,NA,NA,NA,NA,NA,NA,NA,NA,NA,NA,NA,
